|||			The Batch {0} of an item {1} has negative stock in the warehouse {2}{3}.|||			Please add a stock quantity of {4} to proceed with this entry.|||			If it is not possible to make an adjustment entry,"||| Партидата {0} на артикул {1} е с отрицателен наличност в склада {2}{3}.||| Моля, добавете наличност в размер на {4}, за да продължите с тази операция.||| Ако не е възможно да се извърши коригираща операция"
Address,Адрес
Amount,Сума
Is Child Table,Дали е подтаблица
Name,Име
Rate,Оцени
Summary,Резюме
"SN-01::10 for ""SN-01"" to ""SN-10""",SN-01::10 за „SN-01“ до „SN-10“
# In Stock,# Налично
# Req'd Items,# Необходими артикули
#{0},#{0}
${values.doctype_name} has been added to queue for optimization,${values.doctype_name} е добавен в опашката за оптимизация
% Delivered,% Доставено
% Finished Item Quantity,% от броя на готовите артикули
% Occupied,% Заетост
% Picked,% Избрани
% Process Loss,% Загуби при преработката
% Returned,% Върнати
% of materials delivered against this Pick List,Процент на доставките спрямо този лист за окомплектоване
&copy; Frappe Technologies Pvt. Ltd. and contributors,© Frappe Technologies Pvt. Ltd. и сътрудниците
'Account' in the Accounting section of Customer {0},„Сметка“ в раздела „Счетоводство“ на клиент {0}
'Allow Multiple Sales Orders Against a Customer's Purchase Order',„Разрешаване на няколко продажбени поръчки по една поръчка за покупка на клиент“
'Default {0} Account' in Company {1},„Акаунт по подразбиране {0}“ във фирма {1}
'In Global Search' is not allowed for field {0} of type {1},„В глобалното търсене“ не е позволено за поле {0} от тип {1}
'In List View' is not allowed for field {0} of type {1},„В изглед на списък“ не е разрешено за поле {0} от тип {1}
'Inspection Required before Delivery' has disabled for the item {0},Опцията „Необходима проверка преди доставка“ е деактивирана за артикула {0}
'Inspection Required before Purchase' has disabled for the item {0},Опцията „Необходима проверка преди покупка“ е деактивирана за артикула {0}
'To Package No.' cannot be less than 'From Package No.',„Номер на опаковката“ не може да бъде по-малък от „Номер на изходната опаковка“
'{0}' account is already used by {1}. Use another account.,Акаунтът „{0}“ вече се използва от {1}. Използвайте друг акаунт.
'{0}' is not a valid IBAN,„{0}“ не е валиден IBAN
'{0}' is not a valid URL,„{0}“ не е валиден URL адрес
'{0}' should be in company currency {1}.,„{0}“ трябва да бъде в валутата на компанията {1}.
(A) Qty After Transaction,(A) Брой след транзакцията
(B) Expected Qty After Transaction,(Б) Очаквано количество след транзакцията
(C) Total Qty in Queue,(C) Общо количество в опашката
(C) Total qty in queue,(C) Общо количество в опашката
(D) Balance Stock Value,(Г) Стойност на остатъчните запаси
(E) Balance Stock Value in Queue,(E) Стойност на наличностите в опашката
(F) Change in Stock Value,(F) Промяна в стойността на запасите
(G) Sum of Change in Stock Value,(G) Сума на промяната в стойността на запасите
(H) Change in Stock Value (FIFO Queue),"(H) Промяна в стойността на запасите (опашка по метода „първо влязло, първо излязло“)"
(H) Valuation Rate,(H) Оценъчна ставка
(I) Valuation Rate,(I) Оценителна ставка
(J) Valuation Rate as per FIFO,"(J) Оценъчна ставка съгласно метода „първо влязло, първо излязло“"
(K) Valuation = Value (D) ÷ Qty (A),(K) Стойност = Стойност (D) ÷ Брой (A)
+ Add / Remove Fields,+ Добавяне/премахване на полета
0 - 30 Days,0 – 30 дни
0-30,0–30
0-30 Days,0–30 дни
1 = True & 0 = False,1 = Истина & 0 = Лъжа
1 Day,Един ден
1 day ago,Преди един ден
1 hour,1 час
1 of 2,1 от 2
1 row from {0},1 ред от {0}
1 row to {0},1 ред до {0}
1 second ago,Преди 1 секунда
1{0},1{0}
2 hours ago,Преди 2 часа
2 months ago,Преди 2 месеца
2 weeks ago,Преди 2 седмици
2 years ago,Преди 2 години
3 Yearly,3 годишно
3 minutes ago,Преди 3 минути
30 - 60 Days,30 – 60 дни
30 minutes,30 минути
30-60,30–60
30-60 Days,30–60 дни
4 hours,4 часа
5 days ago,Преди 5 дни
60 - 90 Days,60 – 90 дни
60-90,60–90
60-90 Days,60–90 дни
90 - 120 Days,90 – 120 дни
90 Above,90 и повече
"<a href=""https://docs.frappe.io/framework/user/en/api/rest#1-token-based-authentication"" target=""_blank"">|||  Click here to learn about token-based authentication|||</a>","<a href=""https://docs.frappe.io/framework/user/en/api/rest#1-token-based-authentication"" target=""_blank"">|||  Кликнете тук, за да научите повече за удостоверяването чрез токени|||"
<b>Row #{0}:</b> Bundle {1} in warehouse {2} has insufficient packed items:<br><div style='margin-top: 15px;'><ul style='line-height: 0.8;'>{3}</ul></div>,B Ред #{0}:B  Пакетът {1} в склада {2} не съдържа достатъчно опаковани артикули: <div style='margin-top: 15px;'><ul style='line-height: 0.8;'>{3}
<b>{0}</b> is not a valid URL,{0} не е валиден URL адрес
"<br>|||<h4>Note</h4>|||<ul>|||<li>|||You can use <a href=""https://jinja.palletsprojects.com/en/2.11.x/"" target=""_blank"">Jinja tags</a> in <b>Subject</b> and <b>Body</b> fields for dynamic values.|||</li><li>|||    All fields in this doctype are available under the <b>doc</b> object and all fields for the customer to whom the mail will go to is available under the  <b>customer</b> object.|||</li></ul>|||<h4> Examples</h4>|||<!-- {% raw %} -->|||<ul>|||    <li><b>Subject</b>:<br><br><pre><code>Statement Of Accounts for {{ customer.customer_name }}</code></pre><br></li>|||    <li><b>Body</b>: <br><br>|||<pre><code>Hello {{ customer.customer_name }}","|||Забележка|||||||||Можете да използвате <a href=""https://jinja.palletsprojects.com/en/2.11.x/"" target=""_blank"">Jinja тагове в полетата B SubjectB  и B BodyB  за динамични стойности.||| |    Всички полета в този тип документ са достъпни под обекта B docB , а всички полета за клиента, до когото ще бъде изпратено писмото, са достъпни под обекта B customerB .||| | |Примери| |<!-- {% raw %} -->||||||    Zadežka::  Извлечение от сметката на {{ customer.customer_name }}   |||    Текст:    |||Здравейте, {{ customer.customer_name }}"
"<div class=""alert"">Please don't update it as it can mess up your form. Use the Customize Form View and Custom Fields to set properties!</div>","<div class=""alert"">Моля, не го актуализирайте, тъй като това може да повреди формуляра ви. Използвайте „Персонализиране на изгледа на формуляра“ и „Потребителски полета“, за да зададете свойствата!"
"<div class=""columnHeading"">Other Details</div>","<div class=""columnHeading"">Други подробности"
"<div class=""text-muted text-center"">No Matching Bank Transactions Found</div>","<div class=""text-muted text-center"">Не бяха намерени съвпадащи банкови транзакции"
"<div class=""text-muted text-center"">{0}</div>","<div class=""text-muted text-center"">{0}"
"<div class=""well"">|||    Edit list of Series in the box. Rules:|||    <ul>|||        <li>Each Series Prefix on a new line.</li>|||        <li>Allowed special characters are ""/"" and ""-""</li>|||        <li>|||            Optionally","<div class=""well"">|||    Редактирайте списъка със серии в полето. Правила:|||    |||  Всеки префикс на серия трябва да е на нов ред. |||  Допустимите специални символи са ""/"" и ""-"" |||  ||| По желание"
<div>|||<h3> All dimensions in centimeter only </h3>|||</div>,||| Всички размери са посочени само в сантиметри |||
<h3>About Product Bundle</h3>||||||<p>Aggregate group of <b>Items</b> into another <b>Item</b>. This is useful if you are bundling a certain <b>Items</b> into a package and you maintain stock of the packed <b>Items</b> and not the aggregate <b>Item</b>.</p>|||<p>The package <b>Item</b> will have <code>Is Stock Item</code> as <b>No</b> and <code>Is Sales Item</code> as <b>Yes</b>.</p>|||<h4>Example:</h4>|||<p>If you are selling Laptops and Backpacks separately and have a special price if the customer buys both,"За пакета продукти||||||Обединяване на група Артикули в един Артикул. Това е полезно, ако обединявате определени Артикули в пакет и поддържате наличност на пакетираните Артикули, а не на общия Артикул.|||Пакетният Артикул ще има Is Stock Item като Не и Is Sales Item като Да. |||Пример:|||Ако продавате лаптопи и раници поотделно и имате специална цена, ако клиентът купи и двете"
<h3>Currency Exchange Settings Help</h3>|||<p>There are 3 variables that could be used within the endpoint,Помощ за настройките на валутния обмен||| В крайната точка могат да се използват 3 променливи
"<h3>Custom CSS Help</h3>||||||<p>Notes:</p>||||||<ol>|||<li>All field groups (label + value) are set attributes <code>data-fieldtype</code> and <code>data-fieldname</code></li>|||<li>All values are given class <code>value</code></li>|||<li>All Section Breaks are given class <code>section-break</code></li>|||<li>All Column Breaks are given class <code>column-break</code></li>|||</ol>||||||<h4>Examples</h4>||||||<p>1. Left align integers</p>||||||<pre><code>[data-fieldtype=""Int""] .value { text-align: left; }</code></pre>||||||<p>1. Add border to sections except the last section</p>||||||<pre><code>.section-break { padding: 30px 0px; border-bottom: 1px solid #eee; }|||.section-break:last-child { padding-bottom: 0px; border-bottom: 0px;  }</code></pre>|||","Помощ за персонализиран CSS||||||Забележки: |||||||||Всички групи полета (етикет + стойност) имат зададени атрибути data-fieldtype и data-fieldname|||Всички стойности имат клас value</li>|||Всички разделители на секции имат клас section-break|||Всички разделители на колони имат клас column-break|||||||||Примери||||||1. Изравняване на числата вляво ||||||```[data-fieldtype=""Int""] .value { text-align: left; }```|||||| 1. Добавяне на рамка към секциите, с изключение на последната секция |||||| ```.section-break { padding: 30px 0px; border-bottom: 1px solid #eee; }|||.section-break:last-child { padding-bottom: 0px; border-bottom: 0px;  }```"
<h3>Print Format Help</h3>|||<hr>|||<h4>Introduction</h4>|||<p>Print Formats are rendered on the server side using the Jinja Templating Language. All forms have access to the <code>doc</code> object which contains information about the document that is being formatted. You can also access common utilities via the <code>frappe</code> module.</p>|||<p>For styling,"Помощ за форматиране на печат|||||||||Въведение|||   Форматите за печат се извеждат от страна на сървъра с помощта на езика за шаблони Jinja. Всички форми имат достъп до обекта doc, който съдържа информация за документа, който се форматира. Можете също да използвате общи помощни функции чрез модула frappe.||| За стилизиране"
"<h4>Body Text and Closing Text Example</h4>||||||<div>We have noticed that you have not yet paid invoice {{sales_invoice}} for {{frappe.db.get_value(""Currency""","Пример за основен текст и заключителен текст||||||Забелязахме, че все още не сте платили фактура {{sales_invoice}} за {{frappe.db.get_value(""Currency"""
<h4>Contract Template Example</h4>||||||<pre>Contract for Customer {{ party_name }}||||||-Valid From : {{ start_date }} |||-Valid To : {{ end_date }}|||</pre>||||||<h4>How to get fieldnames</h4>||||||<p>The field names you can use in your Contract Template are the fields in the Contract for which you are creating the template. You can find out the fields of any documents via Setup &gt; Customize Form View and selecting the document type (e.g. Contract)</p>||||||<h4>Templating</h4>||||||<p>Templates are compiled using the Jinja Templating Language. To learn more about Jinja,"Пример за шаблон на договор||||||```Договор с клиент {{ party_name }}||||||-Валиден от: {{ start_date }} |||-Валиден до: {{ end_date }}|||||||||Как да получите имената на полетата||||||Имената на полетата, които можете да използвате в шаблона за договор, са полетата в договора, за който създавате шаблона. Можете да видите полетата на всеки документ чрез Настройки &gt; Персонализиране на изгледа на формуляра и избор на типа документ (например Договор) ||||||Шаблониране||||||  Шаблоните се съставят с помощта на езика за шаблони Jinja. За да научите повече за Jinja"
<h4>Email Reply Example</h4>||||||<pre>Order Overdue||||||Transaction {{ name }} has exceeded Due Date. Please take necessary action.||||||Details||||||- Customer: {{ customer }}|||- Amount: {{ grand_total }}|||</pre>||||||<h4>How to get fieldnames</h4>||||||<p>The fieldnames you can use in your email template are the fields in the document from which you are sending the email. You can find out the fields of any documents via Setup &gt; Customize Form View and selecting the document type (e.g. Sales Invoice)</p>||||||<h4>Templating</h4>||||||<p>Templates are compiled using the Jinja Templating Language. To learn more about Jinja,"Пример за имейл-отговор||||||```Просрочена поръчка||||||Транзакцията {{ name }} е просрочена. Моля, предприемете необходимите действия.||||||Подробности||||||- Клиент: {{ customer }}|||- Сума: {{ grand_total }}|||||||||Как да получите имената на полетата||||||- Имената на полетата, които можете да използвате във вашия шаблон за имейл, са полетата в документа, от който изпращате имейла. Можете да видите полетата на всеки документ чрез Настройки &gt; Персонализиране на изгледа на формуляра и избор на типа документ (например Фактура за продажба) ||||||Шаблониране||||||- Шаблоните се съставят с помощта на езика за шаблониране Jinja. За да научите повече за Jinja"
<h4>Standard Terms and Conditions Example</h4>||||||<pre>Delivery Terms for Order number {{ name }}||||||-Order Date : {{ transaction_date }} |||-Expected Delivery Date : {{ delivery_date }}|||</pre>||||||<h4>How to get fieldnames</h4>||||||<p>The fieldnames you can use in your email template are the fields in the document from which you are sending the email. You can find out the fields of any documents via Setup &gt; Customize Form View and selecting the document type (e.g. Sales Invoice)</p>||||||<h4>Templating</h4>||||||<p>Templates are compiled using the Jinja Templating Language. To learn more about Jinja,"Пример за стандартни условия и правила||||||```Условия за доставка за поръчка № {{ name }}||||||-Дата на поръчката: {{ transaction_date }} |||-Очаквана дата на доставка: {{ delivery_date }}|||||||||Как да получите имената на полетата|||||| Имената на полетата, които можете да използвате във вашия шаблон за имейл, са полетата в документа, от който изпращате имейла. Можете да видите полетата на всеки документ чрез Настройки &gt; Персонализиране на изгледа на формуляра и избор на типа документ (например Фактура за продажба) ||||||Шаблониране|||||| Шаблоните се компилират с помощта на езика за шаблониране Jinja. За да научите повече за Jinja"
"<h5 class=""text-muted uppercase"">Or</h5>","<h5 class=""text-muted uppercase"">Или"
<h5>Message Example</h5>||||||<pre>&lt;h3&gt;Order Overdue&lt;/h3&gt;||||||&lt;p&gt;Transaction {{ doc.name }} has exceeded Due Date. Please take necessary action.&lt;/p&gt;||||||&lt;!-- show last comment --&gt;|||{% if comments %}|||Last comment: {{ comments[-1].comment }} by {{ comments[-1].by }}|||{% endif %}||||||&lt;h4&gt;Details&lt;/h4&gt;||||||&lt;ul&gt;|||&lt;li&gt;Customer: {{ doc.customer }}|||&lt;li&gt;Amount: {{ doc.grand_total }}|||&lt;/ul&gt;|||</pre>,"Пример за съобщение||||||`&lt;h3&gt;Просрочена поръчка&lt;/h3&gt;||||||&lt;p&gt;Транзакцията {{ doc.name }} е просрочена. Моля, предприемете необходимите действия.&lt;/p&gt;||||||&lt;!-- покажи последния коментар --&gt;|||{% if comments %}|||Последният коментар: {{ comments[-1].comment }} от {{ comments[-1].by }}|||{% endif %}||||||&lt;h4&gt;Подробности&lt;/h4&gt;||||||&lt;ul&gt;|||&lt;li&gt;Клиент: {{ doc.customer }}|||&lt;li&gt;Сума: {{ doc.grand_total }}|||&lt;/ul&gt;|||"
"<label class=""control-label"" style=""margin-bottom: 0px;"">Account Number Settings</label>","<label class=""control-label"" style=""margin-bottom: 0px;"">Настройки на номера на сметката</label>"
"<label class=""control-label"" style=""margin-bottom: 0px;"">Amount In Words</label>","<label class=""control-label"" style=""margin-bottom: 0px;"">Сума с думи</label>"
"<label class=""control-label"" style=""margin-bottom: 0px;"">Date Settings</label>","<label class=""control-label"" style=""margin-bottom: 0px;"">Настройки за датата</label>"
<li>Item {0} in row(s) {1} billed more than {2}</li>,Артикул {0} в ред(ове) {1} е фактуриран на стойност над {2}
<li>Packed Item {0}: Required {1},Опакован артикул {0}: Задължително {1}
<li>{}</li>,Нямам превод за това.
"<p><strong>Condition Examples:</strong></p>|||<pre>doc.status==""Open""<br>doc.due_date==nowdate()<br>doc.total &gt; 40000|||</pre>","Примери за условия:|||```doc.status==""Open"" doc.due_date==nowdate() doc.total &gt; 40000|||```"
"<p><strong>Condition Examples:</strong></p>|||<pre>doc.status==""Open""<br>doc.due_date==nowdate()<br>doc.total &gt; 40000|||</pre>|||","Примери за условия:|||```doc.status==""Open"" doc.due_date==nowdate() doc.total &gt; 40000|||```|||"
<p>Cannot overbill for the following Items:</p>,Не се допуска надценяване на следните артикули:
<p>Following {0}s doesn't belong to Company {1} :</p>,Следните {0} не принадлежат на компания {1} :
<p>In your <b>Email Template</b>,В B шаблона за имейлB 
<p>Multiple webforms can be created for a single doctype. Add filters specific to this webform to display correct record after submission.</p><p>For Example:</p>|||<p>If you create a separate webform every year to capture feedback from employees add a ||| field named year in doctype and add a filter <b>year = 2023</b></p>|||,"За един тип документ могат да се създадат няколко уеб формуляра. Добавете филтри, специфични за този уеб формуляр, за да се показва правилният запис след изпращане.  Например: ||| Ако създавате отделен уеб формуляр всяка година, за да събирате обратна връзка от служителите, добавете ||| поле с име „year“ в типа документ и добавете филтър B year = 2023B  |||"
<p>Price List Rate has not been set as editable in Selling Settings. In this scenario,Цената в ценоразписа не е маркирана като редактируема в настройките за продажби. В този случай
<p>To allow over-billing,За да се позволи надфактуриране
"<p>To interact with above HTML you will have to use `root_element` as a parent selector.</p><p>For example:</p><pre class=""p-3 bg-gray-100 border-radius rounded-sm mb-0"" style=""width: fit-content;""><code>// here root_element is provided by default|||let some_class_element = root_element.querySelector('.some-class');|||some_class_element.textContent = ""New content"";|||</code></pre>","За да взаимодействате с горния HTML код, ще трябва да използвате `root_element` като селектор за родителски елемент.Например: <pre class=""p-3 bg-gray-100 border-radius rounded-sm mb-0"" style=""width: fit-content;"">// тук root_element се предоставя по подразбиране|||let some_class_element = root_element.querySelector('.some-class');|||some_class_element.textContent = ""New content"";|||"
<p>Your OTP secret on {0} has been reset. If you did not perform this reset and did not request it,Вашият OTP код на {0} беше нулиран. Ако не сте извършили това нулиране и не сте го поискали
<pre>*  *  *  *  *|||┬  ┬  ┬  ┬  ┬|||│  │  │  │  │|||│  │  │  │  └ day of week (0 - 6) (0 is Sunday)|||│  │  │  └───── month (1 - 12)|||│  │  └────────── day of month (1 - 31)|||│  └─────────────── hour (0 - 23)|||└──────────────────── minute (0 - 59)||||||---||||||* - Any value|||/ - Step values|||</pre>|||,*  *  *  *  *|||┬  ┬  ┬  ┬  ┬|||│  │  │  │  │|||│  │  │  │  └ ден от седмицата (0 - 6) (0 е неделя)|||│  │  │  └───── месец (1 - 12)|||│  │  └────────── ден от месеца (1 - 31)|||│  └─────────────── час (0 - 23)|||└──────────────────── минута (0 - 59)||||||---||||||* - Всякаква стойност|||/ - Стъпкови стойности||||||
<pre><code>doc.grand_total &gt; 0</code></pre>||||||<p>Conditions should be written in simple Python. Please use properties available in the form only.</p>|||<p>Allowed functions:|||</p><ul>|||<li>frappe.db.get_value</li>|||<li>frappe.db.get_list</li>|||<li>frappe.session</li>|||<li>frappe.utils.now_datetime</li>|||<li>frappe.utils.get_datetime</li>|||<li>frappe.utils.add_to_date</li>|||<li>frappe.utils.now</li>|||</ul>|||<p>Example: </p><pre><code>doc.creation &gt; frappe.utils.add_to_date(frappe.utils.now_datetime(),"```doc.grand_total > 0``` ||||||Условията трябва да бъдат написани на обикновен Python. Моля, използвайте само свойствата, налични във формуляра.|||Допустими функции:||| |||frappe.db.get_value|||frappe.db.get_list|||frappe.session|||frappe.utils.now_datetime |||        frappe.utils.get_datetime |||        frappe.utils.add_to_date |||        frappe.utils.now ||||||    Пример: ```doc.creation &gt; frappe.utils.add_to_date(frappe.utils.now_datetime())"
<pre><h5>Message Example</h5>||||||&lt;p&gt; Thank You for being a part of {{ doc.company }}! We hope you are enjoying the service.&lt;/p&gt;||||||&lt;p&gt; Please find enclosed the E Bill statement. The outstanding amount is {{ doc.grand_total }}.&lt;/p&gt;||||||&lt;p&gt; We don't want you to be spending time running around in order to pay for your Bill.<br>After all,"``` Пример за съобщение ||||||&lt;p&gt; Благодарим Ви, че сте част от {{ doc.company }}! Надяваме се, че сте доволни от услугата.&lt;/p&gt;||||||&lt;p&gt; Прилагаме извлечението от електронната Ви сметка. Неплатената сума е {{ doc.grand_total }}.&lt;/p&gt;||||||&lt;p&gt; Не искаме да губите време, за да платите сметката си. В края на краищата"
<pre><h5>Message Example</h5>||||||&lt;p&gt;Dear {{ doc.contact_person }},``` Пример за съобщение ||||||&lt;p&gt;Уважаеми {{ doc.contact_person }}
<strong>Grand Total:</strong> {0},Обща сума: {0}
<strong>Outstanding Amount:</strong> {0},Неплатена сума: {0}
<strong>Warning:</strong> This field is system generated and may be overwritten by a future update. Modify it using {0} instead.,"Предупреждение: Това поле е генерирано от системата и може да бъде презаписано при бъдеща актуализация. Вместо това го редактирайте, като използвате {0}."
"<table class=""table table-bordered table-condensed"">|||<thead>|||  <tr>|||         <th class=""table-sr"" style=""width: 50%;"">Child Document</th>|||         <th class=""table-sr"" style=""width: 50%;"">Non Child Document</th>|||   </tr>|||</thead>|||<tbody>|||<tr>|||         <td>|||                  <p> To access parent document field use parent.fieldname and to access child table document field use doc.fieldname </p>||||||         </td>|||         <td>|||                    <p>To access document field use doc.fieldname </p>|||         </td>|||</tr>|||<tr>|||        <td>|||                   <p><b>Example: </b> parent.doctype == ""Stock Entry"" and doc.item_code == ""Test"" </p>||||||        </td>|||         <td>|||                   <p><b>Example: </b> doc.doctype == ""Stock Entry"" and doc.purpose == ""Manufacture""</p>    |||          </td>|||</tr>||||||</tbody>|||</table>|||||||||||||||||||||","<table class=""table table-bordered table-condensed"">|||<thead>|||  ||| <th class=""table-sr"" style=""width: 50%;"">Подчинен документ||| <th class=""table-sr"" style=""width: 50%;"">Документ, който не е подчинен         За достъп до полето на родителския документ използвайте parent.fieldname, а за достъп до полето на подчинения табличен документ използвайте doc.fieldname p>|||||| ||| ||| 	За достъп до полето на документа използвайте doc.fieldname 	||| ||| 																																																																																																																																																																																																																								  parent.doctype == ""Stock Entry"" и doc.item_code == ""Test""  |||||| ||| ||| Пример:  B doc.doctype == ""Stock Entry"" и doc.purpose == ""Manufacture""B      ||| |||     ||||||</tbody>|||    |||||||||||||||||||||"
A - B,А - Б
A - C,А – В
A DocType's name should start with a letter and can only consist of letters,Името на DocType трябва да започва с буква и може да се състои само от букви
A Holiday List can be added to exclude counting these days for the Workstation.,"Може да се добави списък с празнични дни, за да се изключат тези дни от отчитането за работната станция."
A Packing Slip can only be created for Draft Delivery Note.,Складова разписка може да се създаде само за чернова на складова разписка.
A Price List is a collection of Item Prices either Selling,"Ценовата листа представлява списък с цените на артикулите, които се продават"
A Reconciliation Job {0} is running for the same filters. Cannot reconcile now,В момента се изпълнява задача за съгласуване {0} със същите филтри. Не е възможно да се извърши съгласуване в момента
A Transaction Deletion Document: {0} is triggered for {0},Документ за изтриване на транзакция: {0} е задействан за {0}
A customer must have primary contact email.,Клиентът трябва да има основен имейл за връзка.
A driver must be set to submit.,Трябва да бъде зададен драйвер за изпращане.
A field with the name {0} already exists in {1},В {1} вече съществува поле с име {0}
A file with same name {} already exists,Вече съществува файл със същото име {}
A new fiscal year has been automatically created.,Автоматично е създадена нова финансова година.
A template already exists for field {0} of {1},Вече съществува шаблон за поле {0} на {1}
A template with tax category {0} already exists. Only one template is allowed with each tax category,Вече съществува шаблон с данъчна категория {0}. За всяка данъчна категория е позволен само един шаблон
A0,A0
A1,A1
A2,A2
A3,A3
A5,A5
A6,A6
A7,A7
A8,A8
A9,A9
ACC-ADS-.YYYY.-,ACC-ADS-.YYYY.-
ACC-ASA-.YYYY.-,ACC-ASA-.YYYY.-
ACC-ASC-.YYYY.-,ACC-ASC-.YYYY.-
API Details,Подробности за API
API Endpoint Args should be valid JSON,Аргументите на API-крайната точка трябва да са валиден JSON
API Key and Secret to interact with the relay server. These will be auto-generated when the first push notification is sent from any of the apps installed on this site.,"API ключ и тайна за взаимодействие с релейния сървър. Те ще бъдат генерирани автоматично при изпращането на първото известие за известие от някоя от приложенията, инсталирани на този сайт."
API Key cannot be regenerated,API ключът не може да бъде генериран отново
API Keys,API ключове
API Logging,API за регистриране
AWB Number,Номер на AWB
Abbreviation: {0} must appear only once,Съкращението: {0} трябва да се появи само веднъж
About,За
About Us,За нас
Above 120 Days,Над 120 дни
Accept Invitation,Приеми поканата
Acceptance Criteria Formula,Формула за критерии за приемане
Acceptance Criteria Value,Стойност на критериите за приемане
Accepted At,Приет в
Accepted Qty in Stock UOM,Прието количество на склад Единица мярка
Access Control,Контрол на достъпа
Access Key,Клавиш за бърз достъп
Access Key is required for Service Provider: {0},За доставчика на услуги е необходим ключ за достъп: {0}
According to the BOM {0},Според спецификацията {0}
Account Balance (From),Салдо по сметката (от)
Account Balance (To),Салдо по сметката (за)
Account Closing Balance,Крайно салдо по сметката
Account Currency (From),Валута на сметката (от)
Account Currency (To),Валута на сметката (в)
Account Deletion Settings,Настройки за изтриване на профил
Account Opening Balance,Начален баланс по сметката
Account not Found,Акаунтът не беше намерен
Account {0} added multiple times,Акаунт {0} е добавен няколко пъти
Account {0} cannot be converted to Group as it is already set as {1} for {2}.,"Акаунт {0} не може да бъде превърнат в група, тъй като вече е зададен като {1} за {2}."
Account {0} cannot be disabled as it is already set as {1} for {2}.,"Акаунт {0} не може да бъде деактивиран, тъй като вече е зададен като {1} за {2}."
Account {0} doesn't belong to Company {1},Акаунт {0} не принадлежи на компания {1}
Account {0} is disabled.,Акаунтът {0} е деактивиран.
Accounting Dimension Filter,Филтър по счетоводната ос
Accounting Dimensions Filter,Филтър за счетоводни измерения
Accounting Entry for {0},Счетоводна статия за {0}
Accounts Closing,Закриване на сметки
Accounts Missing Error,Грешка: Липсват сметки
Accounts Receivable / Payable Tuning,Оптимизиране на счетоводството на вземанията и задълженията
Accounts Receivable/Payable,Вземания/задължения
Accounts to Merge,Сметки за обединяване
Accurate count can not be fetched,Не може да се извлече точният брой
Action Complete,Действието приключи
Action If Quality Inspection Is Rejected,Действие в случай на отхвърляне при проверката на качеството
Action If Same Rate is Not Maintained,"Действие, ако същата ставка не се запази"
Action Label,Етикет „Действие“
Action if Same Rate is Not Maintained Throughout  Internal Transaction,"Действие, ако една и съща ставка не се запази по време на вътрешната транзакция"
Action if Same Rate is Not Maintained Throughout Sales Cycle,"Действие, ако една и съща ставка не се запази през целия цикъл на продажбите"
Action {0} completed successfully on {1} {2}. View it {3},Действието {0} беше успешно изпълнено на {1} {2}. Вижте го {3}
Action {0} failed on {1} {2}. View it {3},Действието {0} се провали на {1} {2}. Вижте го {3}
Activate,Активирай
Active Directory,Active Directory
Active Status,Активен статус
Actual Balance Qty,Действително налично количество
Actual Expense,Действителни разходи
Actual Posting,Самото публикуване
Actual Qty in Warehouse,Налично количество на склад
Actual Time,Текущо време
Add / Remove Columns,Добавяне/премахване на колони
Add Background Image,Добави фоново изображение
Add Border at Bottom,Добави рамка в долната част
Add Border at Top,Добави рамка в горната част
Add Card to Dashboard,Добави карта към таблото
Add Columns in Transaction Currency,Добавяне на колони във валутата на транзакцията
Add Corrective Operation Cost in Finished Good Valuation,Добавяне на разходите за корективни операции при оценката на готовата продукция
Add Discount,Добави отстъпка
Add Indexes,Добавяне на индекси
Add Items in the Purpose Table,Добавяне на елементи в таблицата „Цел“
Add Lead to Prospect,Добави потенциален клиент към проспекта
Add Local Holidays,Добави местни празници
Add Manually,Добави ръчно
Add New,Добави ново
Add Or Deduct,Добави или извади
Add Query Parameters,Добавяне на параметри на заявката
Add Roles,Добави роли
Add Schedule,Добави график
Add Serial / Batch Bundle,Добави сериен номер / пакетна доставка
Add Serial / Batch No,Добавете сериен номер / партиден номер
Add Serial / Batch No (Rejected Qty),Добавете сериен номер / партиден номер (отхвърлено количество)
Add Space at Bottom,Добави разстояние отдолу
Add Space at Top,Добави разстояние отгоре
Add Stock,Добави на склад
Add Sub Assembly,Добави подсглобка
Add Tags,Добави етикети
Add Template,Добави шаблон
Add Translate Data,Добави превод на данните
Add Video Conferencing,Добави видеоконферентна връзка
Add a Filter,Добави филтър
Add a Note,Добави бележка
Add a Row,Добави ред
Add a row above the current row,Добави ред над текущия ред
Add a row at the bottom,Добавете ред в долната част
Add a row at the top,Добави ред в горната част
Add a row below the current row,Добави ред под текущия ред
Add column,Добави колона
Add details,Добави подробности
Add field,Добави поле
Add new tab,Добави нов раздел
Add numbers or special characters.,Добавете цифри или специални символи.
Add page break,Добави разделител на страници
Add section above,Добави раздел по-горе
Add section below,Добавете раздел по-долу
Add tab,Добави раздел
Add to Prospect,Добави към проспекта
Add to this activity by mailing to {0},"Добавете тази дейност, като изпратите имейл на {0}"
Add vouchers to generate preview.,"Добавете ваучери, за да видите предварителния преглед."
Add {0},Добави {0}
Add/Update Filter,Добавяне/актуализиране на филтър
Added By,Добавено от
Added On,Добавено на
Added Supplier Role to User {0}.,Добавена е ролята „Доставчик“ към потребителя {0}.
Added default log doctypes: {},Добавени са стандартни доктипи за логове: {}
Added {1} Role to User {0}.,Добавена е роля {1} към потребителя {0}.
Adding Lead to Prospect...,Добавяне на потенциален клиент към проспекта...
Additional,Допълнително
Additional Asset Cost,Допълнителни разходи за активи
Additional Cost Per Qty,Допълнителна цена за брой
Additional Data,Допълнителни данни
Additional Discount Amount ({discount_amount}) cannot exceed the total before such discount ({total_before_discount}),Сумата на допълнителната отстъпка ({discount_amount}) не може да надвишава общата сума преди отстъпката ({total_before_discount})
Additional Info,Допълнителна информация
Additional {0} {1} of item {2} required as per BOM to complete this transaction,"Необходими са още {0} {1} бройки от артикул {2}, съгласно спецификацията, за да бъде завършена тази транзакция"
Adds a custom client script to a DocType,Добавя потребителски клиентски скрипт към DocType
Adjust Asset Value,Коригиране на стойността на активите
Adjustment Against,Корекция спрямо
Adjustment based on Purchase Invoice rate,Корекция въз основа на курса от фактурата за покупка
Advance Account: {0} must be in either customer billing currency: {1} or Company default currency: {2},"Предварителна сметка: {0} трябва да бъде или във валутата за фактуриране на клиента: {1}, или във валутата по подразбиране на компанията: {2}"
Advance Payment,Авансово плащане
Advance Payment Date,Дата на авансовото плащане
Advance Payment Ledger Entry,Запис в счетоводната книга за авансови плащания
Advance Tax,Авансов данък
Advance Taxes and Charges,Авансови данъци и такси
Advance Voucher No,Номер на авансовия ваучер
Advance Voucher Type,Тип авансов ваучер
Advance paid against {0} {1} cannot be greater than Grand Total {2},Авансовото плащане за {0} {1} не може да надвишава общата сума {2}
Advance payments allocated against orders will only be fetched,"Ще бъдат извлечени само авансовите плащания, отнесени към поръчки"
Affected Transactions,Засегнати транзакции
After,След
After Insert,След вмъкване
After Rename,След преименуване
After Submission,След подаване
Against Customer Order {0},В разрез с поръчката на клиента {0}
Against Pick List,Списък за отхвърляне
Against Supplier Invoice {0},Срещу фактура от доставчика {0}
Against Voucher No,Против ваучер №
Age ({0}),Възраст ({0})
Ageing Range,Възрастова група
Ageing Report based on,"Доклад за застаряването на населението, изготвен въз основа на"
Ageing Report based on {0} up to {1},Отчет за стареенето въз основа на {0} до {1}
Agent Busy Message,Съобщение за заетост на оператора
Agent Group,Група агенти
Agent Unavailable Message,Съобщение за недостъпен агент
Aggregate Field is required to create a number card,Полето „Общо“ е задължително за създаване на числова карта
Aggregate a group of Items into another Item. This is useful if you are maintaining the stock of the packed items and not the bundled item,"Обединете група от артикули в един нов артикул. Това е полезно, ако следите наличността на отделните артикули в комплекта, а не на самия комплект"
Algorithm,Алгоритъм
Align,Изравни
All Activities,Всички дейности
All Activities HTML,Всички дейности HTML
All Items,Всички артикули
All Results,Всички резултати
All Sales Transactions can be tagged against multiple Sales Persons so that you can set and monitor targets.,"Всички продажбени транзакции могат да бъдат свързани с няколко търговски представители, което ви позволява да определяте и следите целите."
All Submissions,Всички публикации
All allocations have been successfully reconciled,Всички разпределения са успешно съгласувани
All fields are necessary to submit the comment.,Всички полета са задължителни за изпращане на коментара.
All items have already been received,Всички артикули вече са получени
All items in this document already have a linked Quality Inspection.,Всички елементи в този документ вече са свързани с проверка на качеството.
"All possible Workflow States and roles of the workflow. Docstatus Options: 0 is ""Saved""",Всички възможни състояния на работния поток и роли в него. Опции за Docstatus: 0 означава „Запазено“
All the Comments and Emails will be copied from one document to another newly created document(Lead -> Opportunity -> Quotation) throughout the CRM documents.,Всички коментари и имейли ще бъдат копирани от един документ в друг новосъздаден документ (Потенциален клиент -> Възможност -> Оферта) във всички документи в CRM системата.
All the required items (raw materials) will be fetched from BOM and populated in this table. Here you can also change the Source Warehouse for any item. And during the production,Всички необходими артикули (суровини) ще бъдат взети от спецификацията и въведени в тази таблица. Тук можете също така да промените изходния склад за всеки артикул. А по време на производството
Allocate Payment Request,Разпредели заявка за плащане
Allocated Entries,Разпределени записи
Allocated To:,Отредено за:
Allocations,Помощи
Allow Alternative Item must be checked on Item {},Опцията „Разреши алтернативен артикул“ трябва да бъде отбелязана в полето „Артикул“ {}
Allow Bulk Editing,Разреши масово редактиране
Allow Continuous Material Consumption,Разреши непрекъснато потребление на материал
Allow Editing After Submit,Разреши редактиране след изпращане
Allow Excess Material Transfer,Разреши прехвърляне на излишния материал
Allow Guest to comment,Позволи на гостите да коментират
Allow Implicit Pegged Currency Conversion,Разреши имплицитно превръщане на валута с фиксиран курс
Allow Internal Transfers at Arm's Length Price,Разрешаване на вътрешни трансфери по пазарни цени
Allow Item to be Added Multiple Times in a Transaction,Позволете добавянето на един и същ артикул няколко пъти в една транзакция
Allow Lead Duplication based on Emails,Разреши дублиране на потенциални клиенти въз основа на имейл адреси
Allow Multiple Responses,Позволете няколко отговора
Allow Negative Stock for Batch,Разреши отрицателни наличности за партидата
Allow Negative rates for Items,Разрешаване на отрицателни цени за артикули
Allow Older Web View Links (Insecure),Разреши връзки към стари версии на уеб страници (несигурни)
Allow Or Restrict Dimension,Разрешаване или ограничаване на измерение
Allow Partial Payment,Разреши частично плащане
Allow Partial Reservation,Разреши частична резервация
Allow Purchase,Разреши покупката
Allow Purchase Order with Zero Quantity,Разрешаване на поръчка с нулево количество
Allow Quotation with Zero Quantity,Разреши оферта с нулево количество
Allow Request for Quotation with Zero Quantity,Разрешаване на заявка за оферта с нулево количество
Allow Sales,Разреши продажби
Allow Sales Order Creation For Expired Quotation,Разрешаване на създаването на поръчки за продажби въз основа на изтекли оферти
Allow Sales Order with Zero Quantity,Разрешаване на поръчки за продажби с нулево количество
Allow Sending Usage Data for Improving Applications,Разреши изпращането на данни за използването с цел подобряване на приложенията
Allow Supplier Quotation with Zero Quantity,Разреши оферта от доставчик с нулево количество
Allow UOM with Conversion Rate Defined in Item,"Разреши използване на мерна единица с курс на превръщане, дефиниран в артикула"
Allow User to Edit Discount,Позволете на потребителя да редактира отстъпката
Allow User to Edit Rate,Позволете на потребителя да редактира оценката
Allow Zero Rate,Разреши нулева ставка
Allow editing even if the doctype has a workflow set up.||||||Does nothing if a workflow isn't set up.,"Позволява редактиране, дори ако за doctype е настроен работен поток.||||||Не извършва нищо, ако не е настроен работен поток."
Allow existing Serial No to be Manufactured/Received again,Да се позволи съществуващ сериен номер да бъде произведен/получен отново
Allow material consumptions without immediately manufacturing finished goods against a Work Order,"Да се разреши изразходването на материали, без веднага да се произвеждат готови продукти по производствена поръчка"
Allow multi-currency invoices against single party account,Разрешаване на фактури в различни валути за сметка на един и същ клиент
Allow recording my first session to improve user experience,"Разрешете записването на първата ми сесия, за да подобрим потребителското преживяване"
Allow sending usage data for improving applications,Разрешете изпращането на данни за използването с цел подобряване на приложенията
Allow to Edit Stock UOM Qty for Purchase Documents,Разрешаване на редактиране на количеството в единица мярка на стоката в документи за покупка
Allow to Edit Stock UOM Qty for Sales Documents,Разрешаване на редактиране на количеството в единица мярка на стоката в документи за продажби
Allow to Make Quality Inspection after Purchase / Delivery,Да се позволи извършването на проверка на качеството след покупката/доставката
Allow transferring raw materials even after the Required Quantity is fulfilled,"Да се позволи прехвърлянето на суровини, дори след като изискваното количество е изпълнено"
Allow users to log in without a password,Позволете на потребителите да влизат в системата без парола
Allowed Dimension,Допустими размери
Allowed Doctypes,Допустими типове документи
Allowed File Extensions,Допустими разширения на файлове
Allowed Modules,Допустими модули
Allowed Roles,Допустими роли
Allowed embedding domains,Допустими домейни за вграждане
Allowed primary roles are 'Customer' and 'Supplier'. Please select one of these roles only.,"Допустимите основни роли са „Клиент“ и „Доставчик“. Моля, изберете само една от тези роли."
Allows printing or PDF download of documents.,Позволява отпечатване или изтегляне на документи във формат PDF.
Allows sharing document access with other users.,Позволява споделяне на достъп до документи с други потребители.
Allows the user to access reports related to the document.,"Позволява на потребителя да получи достъп до отчети, свързани с документа."
Allows the user to create new documents.,Позволява на потребителя да създава нови документи.
Allows the user to delete documents.,Позволява на потребителя да изтрива документи.
Allows the user to edit existing records they have access to.,"Позволява на потребителя да редактира съществуващите записи, до които има достъп."
Allows the user to email from the document.,Позволява на потребителя да изпраща имейли директно от документа.
Allows the user to export data from the Report view.,Позволява на потребителя да експортира данни от екрана „Отчет“.
Allows the user to search and see records.,Позволява на потребителя да търси и разглежда записи.
Allows the user to use Data Import tool to create / update records.,"Позволява на потребителя да използва инструмента за импортиране на данни, за да създава/актуализира записи."
Allows the user to view the document.,Позволява на потребителя да разгледа документа.
Allows to keep aside a specific quantity of inventory for a particular order.,Позволява да се задели определено количество стока за конкретна поръчка.
Allows users to enable the mask property for any field of the respective doctype.,Позволява на потребителите да активират свойството „маска“ за всяко поле от съответния тип документ.
Allows users to submit Purchase Orders with zero quantity. Useful when rates are fixed but the quantities are not. Eg. Rate Contracts.,"Позволява на потребителите да подават поръчки за покупка с нулево количество. Това е полезно, когато цените са фиксирани, но количествата не са. Например: договори с фиксирани цени."
Allows users to submit Quotations with zero quantity. Useful when rates are fixed but the quantities are not. Eg. Rate Contracts.,"Позволява на потребителите да подават оферти с нулево количество. Полезно е, когато цените са фиксирани, но количествата не са. Например: договори с фиксирани цени."
Allows users to submit Request for Quotations with zero quantity. Useful when rates are fixed but the quantities are not. Eg. Rate Contracts.,"Позволява на потребителите да подават заявки за оферти с нулево количество. Това е полезно, когато цените са фиксирани, но количествата не са. Например: договори с фиксирани цени."
Allows users to submit Sales Orders with zero quantity. Useful when rates are fixed but the quantities are not. Eg. Rate Contracts.,"Позволява на потребителите да подават поръчки за продажби с нулево количество. Това е полезно, когато цените са фиксирани, но количествата не са. Например: договори с фиксирани цени."
Allows users to submit Supplier Quotations with zero quantity. Useful when rates are fixed but the quantities are not. Eg. Rate Contracts.,"Позволява на потребителите да подават оферти от доставчици с нулево количество. Това е полезно, когато цените са фиксирани, но количествата не са. Например: договори с фиксирани цени."
Already Picked,Вече избрано
Also you can't switch back to FIFO after setting the valuation method to Moving Average for this item.,"Освен това не можете да се върнете към метода FIFO, след като сте задали метода на оценяване „Плъзгаща средна“ за тази позиция."
Alternative Email ID,Алтернативен имейл адрес
Alternative Items,Алтернативни артикули
Alternatively,Като алтернатива
Always BCC Address,Винаги използвайте скрит копие (BCC)
Always use this email address as sender address,Винаги използвайте този имейл адрес като адрес на изпращача
Always use this name as sender name,Винаги използвайте това име като име на изпращача
Amend Counter,Брояч на поправките
Amended Document Naming Settings,Променени настройки за именоване на документи
Amended Documents,Документи с изменения
Amendment Naming Override,Преопределяне на името на промяната
Amendment Not Allowed,Поправката не е допустима
Amendment naming rules updated.,Актуализирани са правилата за именуване на промените.
Amount (AED),Сума (AED)
Amount Difference with Purchase Invoice,Сума Разлика спрямо фактурата за покупка
Amount Eligible for Commission,"Сума, подлежаща на комисионна"
Amount in Account Currency,Сума във валутата на сметката
Amount in Words,Сума с думи
Amount in party's bank account currency,Сума във валутата на банковата сметка на партията
Amount in transaction currency,Сума във валутата на транзакцията
Amount in {0},Сума в {0}
Amounts,Суми
An Item Group is a way to classify items based on types.,Групата на артикулите е начин за класифициране на артикулите според типа им.
An error has been appeared while reposting item valuation via {0},Възникна грешка при преизчисляването на стойността на артикула чрез {0}
An error occured for certain Items while creating Material Requests based on Re-order level. Please rectify these issues :,"При създаването на заявки за материали въз основа на нивото за повторна поръчка възникнаха грешки при някои артикули. Моля, отстранете тези проблеми:"
An unexpected error occurred while authorizing {}.,Възникна неочаквана грешка при оторизирането на {}.
Analysis Chart,Аналитична диаграма
Announcement Widget,Приложение за съобщения
Announcements,Съобщения
Annual Revenue,Годишни приходи
Anonymization Matrix,Матрица за анонимизиране
Anonymous responses,Анонимни отговори
Another Cost Center Allocation record {0} applicable from {1},"Друг запис за разпределение на разходни центрове {0}, валиден от {1}"
Another Payment Request is already processed,Друга заявка за плащане вече е обработена
Any one of following filters required: warehouse,Необходим е някой от следните филтри: склад
App Access Key and/or Secret Key are not present.,Ключът за достъп до приложението и/или тайният ключ липсват.
App ID,Идентификационен номер на приложението
App Logo,Лого на приложението
App not found for module: {0},Не е намерено приложение за модула: {0}
"Append as communication against this DocType (must have fields: ""Sender"" and ""Subject""). These fields can be defined in the email settings section of the appended doctype.",Добавете като съобщение към този DocType (задължителни полета: „Изпращач“ и „Относно“). Тези полета могат да бъдат зададени в раздела с настройки за имейл на добавения DocType.
Applicable Dimension,Приложими размери
Applicable On Account,Записва се в сметката
Application is not installed,Приложението не е инсталирано
Applied on each reading.,Прилага се при всяко отчитане.
Applied putaway rules.,Приложени правила за складиране.
Applies To,Приложимо за
Apply Filters,Приложи филтри
Apply Putaway Rule,Приложи правилото за складиране
Apply Recursion Over (As Per Transaction UOM),Приложи рекурсия върху (съгласно единицата за измерване на транзакцията)
Apply SLA for Resolution Time,Прилагане на SLA за времето за разрешаване на проблема
Apply TDS,Приложи TDS
Apply Tax Withholding Amount,Прилагане на сумата за удържане на данък
Apply To,Кандидатствай за
Apply User Permission On,Активиране на потребителските права
Apply restriction on dimension values,Прилагане на ограничение върху стойностите на размерите
Apply to All Inventory Documents,Приложи към всички документи за наличностите
Apply to Document,Приложи към документа
Appointment Created Successfully,Записът за среща беше създаден успешно
Appointment Scheduling Disabled,Записването на часове е деактивирано
Appointment Scheduling has been disabled for this site,Функцията за насрочване на срещи е деактивирана за този сайт
Appointment was created. But no lead was found. Please check the email to confirm,"Срещата е създадена. Но не беше открит потенциален клиент. Моля, проверете електронната си поща, за да потвърдите"
Approximately match the description/party name against parties,Сравнете приблизително описанието/наименованието на партията с партиите
Apps,Приложения
Ar,С
Are you sure you want to cancel the invitation?,"Сигурен ли си, че искаш да отмениш поканата?"
Are you sure you want to clear all demo data?,"Сигурен ли сте, че искате да изтриете всички демо данни?"
Are you sure you want to delete page {0}?,"Сигурен ли сте, че искате да изтриете страница {0}?"
Are you sure you want to delete the column? All the fields in the column will be moved to the previous column.,"Сигурен ли сте, че искате да изтриете колоната? Всички полета в колоната ще бъдат преместени в предходната колона."
Are you sure you want to delete the section? All the columns along with fields in the section will be moved to the previous section.,"Сигурен ли сте, че искате да изтриете секцията? Всички колони и полета в секцията ще бъдат преместени в предходната секция."
Are you sure you want to delete the tab? All the sections along with fields in the tab will be moved to the previous tab.,"Сигурен ли сте, че искате да изтриете този раздел? Всички секции и полета в раздела ще бъдат преместени в предходния раздел."
Are you sure you want to delete this Item?,"Сигурен ли сте, че искате да изтриете този елемент?"
Are you sure you want to delete this record?,"Сигурен ли сте, че искате да изтриете този запис?"
Are you sure you want to delete {0}?<p>This action will also delete all associated Common Code documents.</p>,"Сигурен ли сте, че искате да изтриете {0}? Това действие ще доведе и до изтриването на всички свързани документи от „Общ код“."
Are you sure you want to discard the changes?,"Сигурен ли сте, че искате да отмените промените?"
Are you sure you want to log out?,"Сигурен ли сте, че искате да излезете от профила си?"
Are you sure you want to proceed?,"Сигурен ли сте, че искате да продължите?"
Are you sure you want to re-enable scheduler?,"Сигурен ли сте, че искате да активирате отново планиращия модул?"
Are you sure you want to remove all failed jobs?,"Сигурен ли сте, че искате да премахнете всички неуспешни задачи?"
Are you sure you want to remove the {0} filter?,"Сигурен ли сте, че искате да премахнете филтъра {0}?"
Are you sure you want to restart this subscription?,"Сигурен ли сте, че искате да подновите този абонамент?"
Are you sure you want to send this newsletter now?,"Сигурен ли сте, че искате да изпратите този бюлетин сега?"
Arguments,Аргументи
As document sharing is disabled,Тъй като споделянето на документи е деактивирано
As on Date,Към днешна дата
As per your request,В съответствие с Вашето искане
As there are existing submitted transactions against item {0},Тъй като има вече подадени транзакции за позиция {0}
As there are reserved stock,Тъй като има запаси
As there are sufficient Sub Assembly Items,Тъй като има достатъчно единици от подсглобки
As {0} is enabled,Тъй като {0} е активирано
Assembly Items,Елементи на сглобяването
Asset Activity,Дейност по активите
Asset Capitalization,Капитализация на активите
Asset Capitalization Asset Item,Капитализация на активите Позиция в активите
Asset Capitalization Service Item,Услуга за капитализация на активи
Asset Capitalization Stock Item,Активи Капитализация Складски артикул
Asset Depreciation Details,Подробности за амортизацията на активите
Asset Depreciation Schedule,График за амортизация на активите
Asset Depreciation Schedule for Asset {0} and Finance Book {1} is not using shift based depreciation,Графикът за амортизация на актив {0} и счетоводната книга {1} не използва амортизация на базата на смени
Asset Depreciation Schedule not found for Asset {0} and Finance Book {1},Не е намерен график за амортизация на актива {0} и счетоводната книга {1}
Asset Depreciation Schedule {0} for Asset {1} already exists.,Вече съществува план за амортизация {0} на актив {1}.
Asset Depreciation Schedule {0} for Asset {1} and Finance Book {2} already exists.,Вече съществува план за амортизация {0} на актив {1} и счетоводна книга {2}.
Asset Depreciation Schedules created:<br>{0}<br><br>Please check,"Създадени графици за амортизация на активи: {0}  Моля, проверете"
Asset ID,Идентификационен номер на актива
Asset Quantity,Брой активи
Asset Repair Consumed Item,Изразходван артикул за ремонт на активи
Asset Settings,Настройки на активите
Asset Shift Allocation,Разпределение на прехвърлянето на активи
Asset Shift Factor,Коефициент на прехвърляне на активи
Asset Shift Factor {0} is set as default currently. Please change it first.,"В момента по подразбиране е зададен коефициентът за преразпределение на активите {0}. Моля, първо го променете."
Asset cancelled,Активът е отменен
Asset cannot be scrapped before the last depreciation entry.,Активът не може да бъде бракуван преди последната амортизационна отчетна операция.
Asset capitalized after Asset Capitalization {0} was submitted,Активът е капитализиран след подаването на заявлението за капитализация на активи {0}
Asset created,Създаден актив
Asset created after Asset Capitalization {0} was submitted,Създаден актив след подаване на заявлението за капитализация на активи {0}
Asset created after being split from Asset {0},"Актив, създаден след отделяне от актив {0}"
Asset deleted,Елементът е изтрит
Asset issued to Employee {0},"Актив, издаден на служителя {0}"
Asset out of order due to Asset Repair {0},Активът е извън строя поради ремонт {0}
Asset received at Location {0} and issued to Employee {1},Имуществото е получено на място {0} и предадено на служител {1}
Asset restored,Активът е възстановен
Asset restored after Asset Capitalization {0} was cancelled,Активът е възстановен след отмяната на капитализацията на актива {0}
Asset returned,Активът е върнат
Asset scrapped,Активът е бракуван
Asset sold,Продаден актив
Asset submitted,Активът е подаден
Asset transferred to Location {0},Активът е прехвърлен на място {0}
Asset updated after being split into Asset {0},Активът е актуализиран след разделянето му на Актив {0}
Asset updated after cancellation of Asset Repair {0},Активът е актуализиран след отмяна на ремонта на актива {0}
Asset updated after completion of Asset Repair {0},Активът е актуализиран след приключване на ремонта на актива {0}
Asset {0} does not belong to Item {1},Елементът {0} не принадлежи към артикула {1}
Asset {0} does not belong to the custodian {1},Активът {0} не принадлежи на попечителя {1}
Asset {0} does not belong to the location {1},Елементът {0} не се намира на мястото {1}
Asset {0} does not exist,Ресурсът {0} не съществува
Asset {0} has been created. Please set the depreciation details if any and submit it.,"Активът {0} е създаден. Моля, въведете данните за амортизацията, ако има такива, и го потвърдете."
Asset {0} has been updated. Please set the depreciation details if any and submit it.,"Активът {0} е актуализиран. Моля, въведете данните за амортизацията, ако има такива, и го изпратете."
Asset {0} is in {1} status and cannot be repaired.,Активът {0} е в състояние {1} и не може да бъде поправен.
Asset {0} is not set to calculate depreciation.,Активът {0} не е настроен за изчисляване на амортизация.
Asset {0} is not submitted. Please submit the asset before proceeding.,"Ресурсът {0} не е качен. Моля, качете ресурса, преди да продължите."
Asset's depreciation schedule updated after Asset Shift Allocation {0},Графикът за амортизация на активите е актуализиран след разпределението на прехвърлените активи {0}
Asset's value adjusted after cancellation of Asset Value Adjustment {0},"Стойност на актива, коригирана след отмяна на корекцията на стойността на актива {0}"
Asset's value adjusted after submission of Asset Value Adjustment {0},Стойността на актива е коригирана след подаване на заявление за корекция на стойността на актива {0}
Asset{is_plural} {assets_link} created for {item_code},"Актив{is_plural} {assets_link}, създаден за {item_code}"
Assign Job to Employee,Разпределяне на задача на служител
Assign To User Group,Присвои към група потребители
Assign a user,Добавете потребител
Assigning...,Задаване...
Assignment Conditions,Условия за възлагане
Assignment Rule is not allowed on document type {0},Правилото за задаване не е разрешено за тип документ {0}
Assignment of {0} removed by {1},Прехвърлянето на {0} беше отменено от {1}
At Row #{0}: The picked quantity {1} for the item {2} is greater than available stock {3} for the batch {4} in the warehouse {5}. Please restock the item.,"В ред #{0}: Избраното количество {1} за артикула {2} надвишава наличността {3} за партидата {4} в склада {5}. Моля, попълнете запасите от този артикул."
At Row #{0}: The picked quantity {1} for the item {2} is greater than available stock {3} in the warehouse {4}.,В ред #{0}: Избраното количество {1} за артикула {2} надвишава наличността {3} в склада {4}.
At least one account with exchange gain or loss is required,Необходим е поне един сметка с валутна печалба или загуба
At least one column is required to show in the grid.,В таблицата трябва да се показва поне една колона.
At least one raw material item must be present in the stock entry for the type {0},В записите за постъпване на стока за тип {0} трябва да присъства поне една позиция със суровина
At row #{0}: the Difference Account must not be a Stock type account,В ред #{0}: сметката за разлики не трябва да е сметка от тип „Акции“
At row #{0}: you have selected the Difference Account {1},В ред #{0}: избрали сте сметката за разлики {1}
At row {0}: Batch No is mandatory for Item {1},В ред {0}: Номерът на партидата е задължителен за артикул {1}
At row {0}: Parent Row No cannot be set for item {1},В ред {0}: Не може да се зададе номер на родителския ред за елемент {1}
At row {0}: Qty is mandatory for the batch {1},В ред {0}: Полето „Брой“ е задължително за партидата {1}
At row {0}: Serial No is mandatory for Item {1},В ред {0}: Серийният номер е задължителен за артикул {1}
At row {0}: Serial and Batch Bundle {1} has already created. Please remove the values from the serial no or batch no fields.,"В ред {0}: Пакетът със серийни и партидни номера {1} вече е създаден. Моля, изтрийте стойностите от полетата за серийни или партидни номера."
At row {0}: set Parent Row No for item {1},В ред {0}: задайте номер на родителския ред за елемент {1}
Atleast one field is required in Web Form Fields Table,В таблицата с полетата на уеб формуляра е задължително да бъде попълнено поне едно поле
Attach CSV File,Прикачи CSV файл
Attach Files,Прикачи файлове
Attach Package,Прикачи пакет
Attached To Name must be a string or an integer,Стойността в полето „Прикачено към име“ трябва да бъде текстов низ или цяло число
Attachment Limit Reached,Достигнат е лимитът за прикачени файлове
Attachment Settings,Настройки на прикачените файлове
Attendance & Leaves,Присъствие и отсъствия
Attending,Участие
Attribute value: {0} must appear only once,Стойността на атрибута: {0} трябва да се появи само веднъж
Audience,Публика
Audit System Hooks,Системни куки за одит
Audit Trail,Аудиторска следа
Auth URL data should be valid JSON,Данните в URL адреса трябва да са във валиден JSON формат
Authenticate as Service Principal,Влизане като сервизен субект
Authorization URI,URI за оторизация
Authorization error for {}.,Грешка при оторизацията за {}.
Authorize API Access,Разреши достъп до API
Auto Create Exchange Rate Revaluation,Автоматично създаване на преоценка на валутния курс
Auto Create Purchase Receipt,Автоматично създаване на складова бележка за получаване
Auto Create Serial and Batch Bundle For Outward,Автоматично създаване на серийни номера и пакети за изходящи доставки
Auto Create Subcontracting Order,Автоматично създаване на поръчка за подизпълнение
Auto Created Serial and Batch Bundle,Автоматично създаден пакет със сериен номер и партиден номер
Auto Creation of Contact,Автоматично създаване на контакт
Auto Fetch Serial Numbers,Автоматично извличане на серийни номера
Auto Insert Item Price If Missing,"Автоматично въвеждане на цената на артикула, ако липсва"
Auto Reconcile,Автоматично съгласуване
Auto Reconcile Payments,Автоматично съгласуване на плащанията
Auto Reconciliation,Автоматично съгласуване
Auto Reconciliation Job Trigger,Тригер за задача за автоматично съгласуване
Auto Reconciliation has started in the background,Автоматичното съгласуване започна във фонов режим
Auto Reconciliation of Payments has been disabled. Enable it through {0},Функцията за автоматично съгласуване на плащанията е деактивирана. Активирайте я чрез {0}
Auto Repeat Day,Ден за автоматично повторение
Auto Repeat Day{0} {1} has been repeated.,Денят за автоматично повторение {0} {1} беше повторен.
Auto Repeat Schedule,График за автоматично повторение
Auto Reply,Автоматичен отговор
Auto Reserve Serial and Batch Nos,Автоматично запазване на серийни и партидни номера
Auto Reserve Stock for Sales Order on Purchase,Автоматично резервиране на наличност за поръчка за продажба при закупуване
Auto Tax Settings Error,Грешка в настройките за автомобилния данък
Auto close Opportunity Replied after the no. of days mentioned above,Автоматично затваряне на възможността за продажба след изтичане на посочения по-горе брой дни
Auto follow documents that are assigned to you,"Автоматично проследяване на документите, които са ви възложени"
Auto follow documents that are shared with you,"Автоматично проследяване на документи, които са споделени с вас"
Auto follow documents that you Like,"Автоматично проследяване на документи, които сте харесали"
Auto follow documents that you comment on,"Автоматично проследяване на документите, които коментирате"
Auto follow documents that you create,Автоматично проследяване на създадените от вас документи
Auto match and set the Party in Bank Transactions,Автоматично съпоставяне и задаване на „Партньор“ в банковите транзакции
Auto repeat failed. Please enable auto repeat after fixing the issues.,"Автоматичното повторение не успя. Моля, активирайте автоматичното повторение, след като отстраните проблемите."
Auto write off precision loss while consolidation,Автоматично отчитане на загубата на точност при консолидация
Autocomplete,Автоматично попълване
Autoincrement,Автоматично увеличаване
Automated Message,Автоматично съобщение
Automatic,Автоматичен
Automatic sending of emails is disabled via site config.,Автоматичното изпращане на имейли е деактивирано в настройките на сайта.
Automatically Add Filtered Item To Cart,Автоматично добавяне на филтриран артикул в кошницата
Automatically Add Taxes from Taxes and Charges Template,Автоматично добавяне на данъци от шаблона „Данъци и такси“
Automatically Fetch Payment Terms from Order/Quotation,Автоматично извличане на условията за плащане от поръчката/офертата
Automatically applied a filter for recent data. You can disable this behavior from the list view settings.,Автоматично се прилага филтър за последните данни. Можете да деактивирате тази функция от настройките на изгледа на списъка.
Automatically delete account within (hours),Автоматично изтриване на профила след (часа)
Automatically post balancing accounting entry,Автоматично осчетоводяване на коригираща счетоводна статия
Available Batch Report,Наличен отчет за партидата
Available Qty For Consumption,Налично количество за консумация
Available Qty at Company,Налично количество в компанията
Available Qty at Target Warehouse,Налично количество в склада на Target
Available Qty to Reserve,Налично количество за резервиране
Available Serial No,Наличен сериен номер
Average Completion,Средна степен на завършеност
Avg Rate,Средна ставка
Avg Rate (Balance Stock),Средна цена (наличност)
Awesome Work,Страхотна работа
Awesome,Страхотно
B,Б
B0,B0
B1,B1
B10,B10
B2,B2
B3,B3
B4,B4
B5,B5
B6,B6
B7,B7
B8,B8
B9,B9
BFS,BFS
BIN Qty,По-малко от количеството
BOM Created,Създаден спецификация на материалите
BOM Creator,BOM Creator
BOM Creator Item,"Хубав предмет, създаден от Creator"
BOM Info,BOM Инфо
BOM Level,Ниво на бомбата
BOM Tree,Дърво БОМ
BOM UoM,"Добро утро, Университет на Мелбърн"
BOM Update Batch,Актуализация на BOM по партиди
BOM Update Initiated,Започна актуализация на спецификацията на материалите
BOM Update Log,Регистър на актуализациите на BOM
BOM Update Tool Log with job status maintained,Регистър на инструмента за актуализиране на спецификацията на материалите със запазен статус на задачата
BOM Updation already in progress. Please wait until {0} is complete.,"Актуализацията на спецификацията на материалите вече е в ход. Моля, изчакайте, докато {0} приключи."
BOM Updation is queued and may take a few minutes. Check {0} for progress.,Актуализацията на BOM е поставена в опашката и може да отнеме няколко минути. Проверете {0} за информация за напредъка.
BOM and Finished Good Quantity is mandatory for Disassembly,Списъкът с компонентите и количеството на готовата продукция са задължителни за разглобяването
BOM and Production,Спецификация на материалите и производство
BOM recursion: {1} cannot be parent or child of {0},Рекурсия в BOM: {1} не може да бъде родителски или дъщерно елемент на {0}
BOMs Updated,Актуализирани списъци с материали
BOMs created successfully,Списъците с материали са създадени успешно
BOMs creation failed,Създаването на списъците с материали се провали
BOMs creation has been enqueued,Създаването на списъците с материали е поставено в опашката
BUDGET-.YYYY.-,БЮДЖЕТ-.YYYY.-
Back,Назад
Background Image,Фоново изображение
Background Jobs Check,"Проверка на задачите, изпълнявани във фонов режим"
Background Jobs Queue,"Опашка на задачите, изпълнявани във фонов режим"
Background Print (required for >25 documents),Печат на фона (задължително при повече от 25 документа)
Backing up Data.,Архивиране на данни.
Backup Encryption Key,Резервен ключ за криптиране
Backup Path,Път към резервното копие
Backups (MB),Резервни копия (МБ)
Bad Cron Expression,Неправилен израз в Cron
Balance Qty (Stock),Наличност (склад)
Balance Sheet Closing Balance,Крайно салдо по баланса
Balance Sheet Summary,Обобщение на баланса
Balance Stock Value,Стойност на наличностите
Bank Account {} in Bank Transaction {} is not matching with Bank Account {},Банковата сметка {} в банковата транзакция {} не съвпада с банковата сметка {}
Bank Reconciliation Tool,Инструмент за банково равнение
Bank Statement Import,Импортиране на банково извлечение
Bank Transaction {0} Matched,Намерена банкова транзакция {0}
Bank Transaction {0} added as Journal Entry,Банковата транзакция {0} е добавена като счетоводна статия
Bank Transaction {0} added as Payment Entry,Банкова транзакция {0} добавена като плащане
Bank Transaction {0} is already fully reconciled,Банковата транзакция {0} вече е напълно съгласувана
Bank Transaction {0} updated,Банкова транзакция {0} актуализирана
Bank/Cash Account,Банкова сметка/Сметка за налични средства
Bank/Cash Account {0} doesn't belong to company {1},Банковата сметка/сметката за налични средства {0} не принадлежи на фирма {1}
Banker's Rounding,Закръгляване по банкова практика
Banker's Rounding (legacy),Закръгляване по банковата практика (старо)
Base Amount,Основна сума
Base Cost Per Unit,Базова цена на единица
Base Rate,Базова лихва
Base Tax Withholding Net Total,"Базова сума, удържана за данъци Нетна обща сума"
Base Total Billable Amount,Обща фактурирана сума
Base Total Billed Amount,Обща фактурирана сума
Base Total Costing Amount,Обща базова стойност
Based On Value,В зависимост от стойността
Based on your HR Policy,В съответствие с вашата политика по човешките ресурси
Based on your HR Policy,В съответствие с вашата политика по човешките ресурси
Basic Info,Основна информация
Batch Expiry Date,Дата на изтичане на срока на годност на партидата
Batch No is mandatory,Номерът на партидата е задължителен
Batch No {0} does not exists,Партида № {0} не съществува
Batch No {0} is linked with Item {1} which has serial no. Please scan serial no instead.,"Партида № {0} е свързана с артикул {1}, който има сериен номер. Моля, сканирайте сериен номер вместо това."
Batch No {0} is not present in the original {1} {2},Партида № {0} не фигурира в оригинала {1} {2}
Batch No.,Партиден номер
Batch Nos,Номера на партидите
Batch Nos are created successfully,Серийните номера са създадени успешно
Batch Not Available for Return,Партидата не подлежи на връщане
Batch Qty,Количество в партидата
Batch Qty updated successfully,Количеството в партидата беше актуализирано успешно
Batch Qty updated to {0},Количеството в партидата е актуализирано на {0}
Batch and Serial No,Партиден и сериен номер
Batch not created for item {} since it does not have a batch series.,"Не е създадена партида за артикула {}, тъй като той няма партиден номер."
Batch {0} and Warehouse,Партида {0} и склад
Batch {0} is not available in warehouse {1},Партида {0} не е налична в склад {1}
Batchwise Valuation,Оценяване на партиди
Before,Преди
Before Print,Преди печат
Before Rename,Преди преименуването
Before Validate,Преди проверка
Beginning of the current subscription period,Начало на текущия абонаментен период
Below Subscription Plans are of different currency to the party default billing currency/Company currency: {0},"Следните абонаментни планове са в валута, различна от валутата по подразбиране за фактуриране на страната/валутата на компанията: {0}"
Bill for Rejected Quantity in Purchase Invoice,Фактура за отхвърлено количество във фактурата за покупка
Billed Items To Be Received,"Фактурирани артикули, които предстои да бъдат получени"
Billed,Снимка
Billing Address Details,Данни за адреса за фактуриране
Billing Address does not belong to the {0},Адресът за фактуриране не принадлежи на {0}
Billing Contact,Контактно лице за фактуриране
Billing Interval in Subscription Plan must be Month to follow calendar months,"Интервалът на фактуриране в абонаментния план трябва да бъде месечен, съобразен с календарните месеци"
Bin Qty Recalculated,Брой в контейнера – преизчислено
Binary Logging,Двоично логване
Bisect Accounting Statements,Разделяне на счетоводните отчети на две части
Bisect Left,Раздели по диагонал наляво
Bisect Nodes,Разделяне на възлите пополу
Bisect Right,Разделяне по диагонал надясно
Bisecting From,Разделяне на две части от
Bisecting Left ...,Разделя на две части отляво...
Bisecting Right ...,Разделяне на две равни части надясно...
Bisecting To,Разделяне на две части
Biweekly,На всеки две седмици
Blanket Order Allowance (%),Отстъпка за обща поръчка (%)
Bom No,Добър ден
Book Advance Payments as Liability option is chosen. Paid From account changed from {0} to {1}.,Избрана е опцията „Отразяване на авансовите плащания като пасиви“. Сметката „Изплатено от“ е променена от {0} на {1}.
Book Advance Payments in Separate Party Account,Отразяване на авансови плащания по сметката на отделна страна
Book Tax Loss on Early Payment Discount,Отчитане на данъчна загуба при отстъпка за предсрочно плащане
Book an appointment,Запишете час
Booking stock value across multiple accounts will make it harder to track stock and account value.,Отразяването на стойността на запасите в няколко сметки ще затрудни проследяването на запасите и стойността на сметките.
Books have been closed till the period ending on {0}.,"Отчетите са приключени за периода, приключващ на {0}."
Both Payable Account: {0} and Advance Account: {1} must be of same currency for company: {2},"И сметката за плащания: {0}, и сметката за аванси: {1} трябва да са в една и съща валута за фирмата: {2}"
Both Receivable Account: {0} and Advance Account: {1} must be of same currency for company: {2},И двете сметки – „Сметка за вземания: {0}“ и „Сметка за аванси: {1}“ – трябва да са в една и съща валута за фирмата: {2}
Both {0} Account: {1} and Advance Account: {2} must be of same currency for company: {3},И двете сметки {0}: {1} и {2} трябва да са в една и съща валута за фирмата: {3}
Bottom Center,В долната централна част
Bottom Left,Долу вляво
Bottom Right,В долния десен ъгъл
Brand Logo,Лого на марката
Browse by category,Разглеждане по категории
Bucket {0} not found.,Кошница {0} не е намерена.
Budget Exceeded,Превишен бюджет
Buffered Cursor,Курсор с буфер
Bufferpool Size,Размер на буферния пул
Build All?,Да се съберат всички?
Build Tree,Изграждане на дърво
Build {0},Създай {0}
Buildable Qty,Брой за производство
Built on {0},Създаден на {0}
Bulk Actions,Масови действия
Bulk Edit,Масово редактиране
Bulk Operation Failed,Масовата операция се провали
Bulk Operation Successful,Масовата операция беше успешна
Bulk PDF Export,Експорт на PDF файлове в голям обем
Bulk Rename Jobs,Задачи за масово преименуване
Bulk Transaction,Масова транзакция
Bulk Transaction Log,Регистър на масовите транзакции
Bulk Transaction Log Detail,Подробности за регистъра на масовите транзакции
Bulk approval only support up to 500 documents.,Масовото одобрение поддържа до 500 документа.
Bulk operation is enqueued in background.,Масовата операция се поставя в опашката за изпълнение във фонов режим.
Bulk operations only support up to 500 documents.,Масовите операции поддържат до 500 документа.
Bulk {0} is enqueued in background.,{0} е поставено в опашката за обработка във фонов режим.
Bundle Items,Продукти в пакета
Buying & Selling Settings,Настройки за покупка и продажба
Buying and Selling,Купуване и продажба
"By ""Naming Series"" field",По полето „Серия на наименованието“
By default,По подразбиране
By default,По подразбиране
By fieldname,По име на поле
By script,По сценарий
Bypass credit check at Sales Order,Избягване на проверката на кредитоспособността при поръчка за продажба
C5E,C5E
CBAL-.#####,CBAL-.#####
CMD,Command-D
CODE-39,CODE-39
COGS By Item Group,Себестойност на продадената продукция по групи артикули
COGS Debit,Дебит по себестойност на продадената продукция
COLOR PICKER,ИЗБОР НА ЦВЯТ
CRM Note,CRM бележки
CRM Settings,Настройки на CRM
CSS selector for the element you want to highlight.,"CSS селектор за елемента, който искате да подчертаете."
Cache,Кеш
Calculate Ageing With,Изчислете срока на съхранение с
Calculate Product Bundle Price based on Child Items' Rates,Изчислете цената на продуктовия пакет въз основа на цените на отделните артикули
Calculate daily depreciation using total days in depreciation period,Изчислете дневната амортизация въз основа на общия брой дни в амортизационния период
Calculated Discount Mismatch,Изчислено несъответствие в отстъпката
Call Again,Обади се отново
Call Ended,Разговорът приключи
Call Handling Schedule,График за обработка на обажданията
Call Received By,Получено обаждане от
Call Receiving Device,Устройство за приемане на повиквания
Call Routing,Пренасочване на повиквания
Call Schedule Row {0}: To time slot should always be ahead of From time slot.,Ред {0} от графика за обажданията: Времевият интервал „До“ трябва винаги да е преди времевия интервал „От“.
Call Type,Тип обаждане
Call to Action,Призив за действие
Callback,Обратно обаждане
Campaign Description (Optional),Описание на кампанията (незадължително)
Campaign Item,Елемент от кампанията
Campaign {0} not found,Кампания {0} не е намерена
Can Submit,Може да се подаде
Can not close Work Order. Since {0} Job Cards are in Work In Progress state.,Не е възможно да се затвори работния ордер. Тъй като {0} работни карти са в състояние „В процес на изпълнение“.
Can not filter based on Child Account,Не е възможно филтриране въз основа на подпрофил
Can not rename as column {0} is already present on DocType.,"Не може да се преименува, тъй като колоната {0} вече съществува в DocType."
Can only change to/from Autoincrement naming rule when there is no data in the doctype,Преминаването към или от правилото за именуване „Autoincrement“ е възможно само когато в типа на документа няма данни
Can only list down the document types which has been linked to the User document type.,"Могат да се изброят само типовете документи, които са свързани с типа документ „Потребител“."
Can't change the valuation method,Не мога да променя метода на оценяване
Can't rename {0} to {1} because {0} doesn't exist.,"Не е възможно да преименувате {0} на {1}, тъй като {0} не съществува."
Cancel All,Отмени всичко
Cancel Scheduling,Отмяна на планирането
Cannot Create Return,Не може да се създаде заявка за връщане
Cannot Download Report due to insufficient permissions,Не е възможно да се изтегли отчетът поради недостатъчни права
Cannot Fetch Values,Не може да се извлекат стойности
Cannot Merge,Не може да се обедини
Cannot Resubmit Ledger entries for vouchers in Closed fiscal year.,Не е възможно повторно подаване на счетоводни записи за документи от приключена финансова година.
Cannot Update After Submit,Не може да се актуализира след изпращане
Cannot access file path {0},Няма достъп до файла {0}
Cannot amend {0} {1},Не може да се промени {0} {1}
Cannot apply TDS against multiple parties in one entry,Не е възможно да се приложи TDS спрямо няколко страни в един запис
Cannot cancel Asset Depreciation Schedule {0} as it has a draft journal entry {1}.,"Не е възможно да се отмени графикът за амортизация на активите {0}, тъй като има чернова на счетоводна статия {1}."
Cannot cancel as processing of cancelled documents is pending.,"Не е възможно да се отмени, тъй като обработката на отменените документи все още е в процес."
Cannot cancel before submitting while transitioning from <b>{0} State</b> to <b>{1} State</b>,Не е възможно да се отмени преди изпращане при преминаване от {0} състояние към {1} състояние
Cannot cancel the transaction. Reposting of item valuation on submission is not completed yet.,Транзакцията не може да бъде отменена. Преизчисляването на стойността на артикула при подаването все още не е приключило.
Cannot cancel this document as it is linked with the submitted Asset Value Adjustment <b>{0}</b>. Please cancel the Asset Value Adjustment to continue.,"Не е възможно да отмените този документ, тъй като той е свързан с подадената корекция на стойността на актива {0}. Моля, отменете корекцията на стойността на актива, за да продължите."
Cannot cancel {0}.,Не може да се отмени {0}.
Cannot change Reference Document Type.,Не е възможно да се промени типът на референтния документ.
Cannot change docstatus from 0 (Draft) to 2 (Cancelled),Не е възможно да се промени статуса на документа от 0 (Чернова) на 2 (Отменен)
Cannot change docstatus from 1 (Submitted) to 0 (Draft),Не е възможно да се промени статуса на документа от 1 (Изпратен) на 0 (Чернова)
Cannot change state of Cancelled Document <b>({0} State)</b>,Не е възможно да се промени състоянието на отменения документ B ({0} Състояние)B 
Cannot change to/from autoincrement autoname in Customize Form,Не е възможно да се променя настройката за автоматично увеличаване на номера и автоматичното име във „Персонализиране на формуляра“
Cannot complete task {0} as its dependant task {1} are not completed / cancelled.,"Не е възможно да се изпълни задача {0}, тъй като свързаната с нея задача {1} не е завършена/отменена."
Cannot convert Task to non-group because the following child Tasks exist: {0}.,"Не е възможно да се превърне задачата в задача извън група, тъй като съществуват следните подзадачи: {0}."
Cannot convert to Group because Account Type is selected.,"Не може да се превърне в група, защото е избран тип „Акаунт“."
Cannot create Stock Reservation Entries for future dated Purchase Receipts.,Не е възможно да се създават записи за резервиране на стоки за фактури за покупка с бъдеща дата.
Cannot create a pick list for Sales Order {0} because it has reserved stock. Please unreserve the stock in order to create a pick list.,"Не е възможно да се създаде лист за окомплектоване за поръчка {0}, тъй като има запаси в резерв. Моля, освободете запасите, за да можете да създадете лист за окомплектоване."
Cannot create accounting entries against disabled accounts: {0},Не е възможно да се създават счетоводни записи за деактивирани сметки: {0}
Cannot create private workspace of other users,Не е възможно да се създава лично работно пространство на други потребители
Cannot create return for consolidated invoice {0}.,Не може да се създаде връщане за консолидирана фактура {0}.
Cannot delete Exchange Gain/Loss row,Не е възможно да се изтрие редът „Печалба/загуба от обмен“
Cannot delete an item which has been ordered,"Не е възможно да се изтрие артикул, който вече е поръчан"
Cannot delete private workspace of other users,Не е възможно да се изтрие личното работно пространство на други потребители
Cannot delete public workspace without Workspace Manager role,Не е възможно да се изтрие публично работно пространство без ролята „Мениджър на работни пространства“
Cannot delete standard document state.,Не е възможно да се изтрие стандартно състояние на документа.
Cannot delete standard field <strong>{0}</strong>. You can hide it instead.,Не е възможно да изтриете стандартното поле {0}. Вместо това можете да го скриете.
Cannot delete system generated field <strong>{0}</strong>. You can hide it instead.,"Не е възможно да се изтрие полето {0}, генерирано от системата. Вместо това можете да го скриете."
Cannot disable {0} as it may lead to incorrect stock valuation.,"Не е възможно да се деактивира {0}, тъй като това може да доведе до неточна оценка на запасите."
Cannot disassemble more than produced quantity.,Не може да се разглоби повече от произведеното количество.
Cannot edit Standard Dashboards,Не е възможно редактирането на стандартните табла
Cannot edit Standard charts,Не е възможно редактирането на стандартните диаграми
Cannot edit filters for standard number cards,Не е възможно редактирането на филтрите за стандартните карти с номера
Cannot enable {0} for a non-submittable doctype,"Не е възможно да се активира {0} за тип документ, който не подлежи на подаване"
Cannot enqueue multi docs for one company. {0} is already queued/running for company: {1},Не е възможно да се добавят няколко документа за една фирма. {0} вече е добавен в опашката/се обработва за фирма: {1}
Cannot find Item or Warehouse with this Barcode,Не може да се намери артикул или склад с този баркод
Cannot find a default warehouse for item {0}. Please set one in the Item Master or in Stock Settings.,"Не може да бъде намерен стандартен склад за артикул {0}. Моля, задайте такъв в основния регистър на артикулите или в настройките за складови наличности."
Cannot find file {} on disk,Не може да се намери файлът {} на диска
Cannot get file contents of a Folder,Не мога да извлеча съдържанието на файловете от папката
Cannot import table with more than 5000 rows.,Не е възможно да се импортира таблица с повече от 5000 реда.
Cannot make any transactions until the deletion job is completed,"Не могат да се извършват транзакции, докато задачата за изтриване не бъде завършена"
Cannot map because following condition fails:,"Не може да се създаде съответствие, тъй като не е изпълнено следното условие:"
Cannot merge {0} '{1}' into '{2}' as both have existing accounting entries in different currencies for company '{3}'.,"Не е възможно да се обедини {0} '{1}' с '{2}', тъй като и двете имат съществуващи счетоводни записи в различни валути за фирмата '{3}'."
Cannot produce more item for {0},Не е възможно да се произведат повече артикули за {0}
Cannot produce more than {0} items for {1},Не могат да се произведат повече от {0} артикула за {1}
Cannot receive from customer against negative outstanding,Не е възможно да се получи плащане от клиент при отрицателен неплатен остатък
Cannot reduce quantity than ordered or purchased quantity,Не е възможно да се намали количеството под нивото на поръчаното или закупеното количество
Cannot retrieve link token for update. Check Error Log for more information,Не може да се извлече токенът на връзката за актуализация. Проверете дневника за грешки за повече информация
Cannot retrieve link token. Check Error Log for more information,Не може да се извлече токенът на връзката. Проверете дневника с грешки за повече информация
Cannot set 'Report' permission if 'Only If Creator' permission is set,"Не може да се зададе правото „Докладване“, ако е зададено правото „Само ако е създател“"
Cannot set Notification with event {0} on Document Type {1},Не може да се зададе известие за събитие {0} за тип документ {1}
Cannot share {0} with submit permission as the doctype {1} is not submittable,"Не е възможно да се сподели {0} с право за подаване, тъй като типът документ {1} не подлежи на подаване"
Cannot submit {0}.,Не може да се изпрати {0}.
Cannot update private workspace of other users,Не е възможно да се актуализира личното работно пространство на други потребители
Cannot update rate as item {0} is already ordered or purchased against this quotation,"Не е възможно да се актуализира цената, тъй като артикул {0} вече е поръчан или закупен по тази оферта"
Cannot use sub-query here.,Тук не може да се използва подзаявка.
Cannot use {0} in order/group by,Не може да се използва {0} в оператора „order by“/„group by“
Cannot {0} from {1} without any negative outstanding invoice,"Не е възможно да се {0} от {1}, без да има неплатени фактури"
Cannot {0} {1}.,Не може {0} {1}.
Canonical URI,Каноничен URI
Capacity (Stock UOM),Капацитет (единица мярка на запасите)
Capacity in Stock UOM,Наличност на склад Единица мярка
Capacity must be greater than 0,Капацитетът трябва да е по-голям от 0
Capitalization Method,Метод на капитализация
Capitalize Asset,Капитализиране на активи
Capitalize Repair Cost,Капитализиране на разходите за ремонт
Capitalize this asset before submitting.,"Превърнете този елемент в главни букви, преди да го изпратите."
Capitalized,С главни букви
Capture,Заснемане
Card Break,Разбиване на карти
Card Links,Връзки към карти
Carrier,Превозвач
Carrier Service,Услуги на превозвача
Carry Forward Communication and Comments,Пренасяне на съобщения и коментари
Categorize By,Класифициране по
Categorize by,Класифицирай по
Categorize by Account,Класифициране по акаунт
Categorize by Item,Класифициране по артикул
Categorize by Party,Класифициране по партии
Categorize by Supplier,Класифициране по доставчик
Categorize by Voucher,Класифициране по ваучер
Categorize by Voucher (Consolidated),Класифициране по ваучер (обобщено)
Category Details,Подробности за категорията
Caution: This might alter frozen accounts.,Внимание: Това може да доведе до промяна в статуса на замразените акаунти.
Change Image,Смени изображението
Change Letter Head,Промяна на бланката
Change Print Format,Промяна на формата на печат
Change in Stock Value,Промяна в стойността на акциите
Change the starting / current sequence number of an existing series. <br>||||||Warning: Incorrectly updating counters can prevent documents from getting created.,Промяна на началния/текущия пореден номер на съществуваща серия.  ||||||Предупреждение: Неправилното актуализиране на броячите може да попречи на създаването на документи.
Changed customer name to '{}' as '{}' already exists.,"Името на клиента беше променено на „{}“, тъй като „{}“ вече съществува."
Changelog Feed,Емисия с промени
Changes,Промени
Changing any setting will reflect on all the email accounts associated with this domain.,"Промяната на която и да е настройка ще се отрази върху всички имейл акаунти, свързани с този домейн."
Changing rounding method on site with data can result in unexpected behaviour.,Промяната на метода за закръгляване на сайта при наличието на данни може да доведе до неочаквано поведение.
Changing the valuation method to Moving Average will affect new transactions. If backdated entries are added,Промяната на метода за оценка на „Плъзгаща средна“ ще засегне новите транзакции. Ако се добавят записи с обратна дата
Charge of type 'Actual' in row {0} cannot be included in Item Rate or Paid Amount,Позицията от тип „Действителна“ в ред {0} не може да бъде включена в единичната цена или в изплатената сума
Chart Of Accounts,Сметкоплан
Check broken links,Провери неработещите връзки
Check to display the full numeric value (e.g.,"Поставете отметка, за да се покаже пълната числова стойност (например"
Checked On,Проверено на
Checking broken links...,Проверявам неработещите връзки...
Checking this will round off the tax amount to the nearest integer,"Ако отбележите тази опция, сумата на данъка ще бъде закръглена до най-близкото цяло число"
Cheques and Deposits Incorrectly cleared,Неправилно осчетоводени чекове и депозити
Child DocTypes are not allowed,Документните типове „Child“ не са разрешени
Child Doctype,Подтип „Child“
Child Row Reference,Позоваване на ред с дете
Child Table {0} for field {1},Подтаблица {0} за поле {1}
Choose a WIP composite asset,Изберете композитен ресурс в процес на разработка
Choose a block or continue typing,Изберете блок или продължете да пишете
Choose a color,Изберете цвят
Choose an icon,Изберете икона
Clear & Add Template,Изчисти и добави шаблон
Clear & Add template,Изчисти и добави шаблон
Clear All,Изчисти всичко
Clear Assignment,Ясно задание
Clear Demo Data,Изчисти демо данните
Clear Last Scanned Warehouse,Изчисти последния сканиран склад
Clear Link,Изчисти връзката
Clear Logs After (days),Изтриване на логовете след (дни)
Clear Notifications,Изчисти известия
Clear all filters,Изчисти всички филтри
Clear the email message and add the template,Изтрийте съдържанието на имейла и добавете шаблона
Cleared auto-assigned serial numbers and batch numbers for manual picking,Изчистени автоматично присвоени серийни номера и партидни номера за ръчно събиране
Clearing Demo Data...,Изчистване на демо данните...
Click below to get started:,"Кликнете по-долу, за да започнете:"
Click here,Кликнете тук
Click on 'Get Finished Goods for Manufacture' to fetch the items from the above Sales Orders. Items only for which a BOM is present will be fetched.,"Кликнете върху „Вземи готови продукти за производство“, за да изтеглите артикулите от посочените по-горе поръчки за продажби. Ще бъдат изтеглени само артикулите, за които има спецификация."
Click on Add to Holidays. This will populate the holidays table with all the dates that fall on the selected weekly off. Repeat the process for populating the dates for all your weekly holidays,"Кликнете върху „Добави към празниците“. Това ще попълни таблицата с празниците с всички дати, които съвпадат с избрания седмичен почивен ден. Повторете процеса, за да попълните датите за всичките си седмични празници"
Click on Get Sales Orders to fetch sales orders based on the above filters.,"Кликнете върху „Изтегли поръчки за продажби“, за да изтеглите поръчките за продажби въз основа на горните филтри."
Click on the button to log in to {0},"Кликнете върху бутона, за да влезете в {0}"
Click this button if you encounter a negative stock error for a serial or batch item. The system will fetch the available serials or batches automatically.,"Натиснете този бутон, ако се появи съобщение за липса на наличност при артикул със сериен номер или партиден номер. Системата автоматично ще изтегли наличните артикули със сериен номер или партиден номер."
Click to add email / phone,"Кликнете, за да добавите имейл / телефон"
Click to sort by {0},"Кликнете, за да сортирате по {0}"
Client Id,Идентификационен номер на клиента
Client script,Скрипт на клиента
Close Replied Opportunity After Days,Затвори отговора след няколко дни
Close properties,Затвори имоти
Closed Work Order can not be stopped or Re-opened,Завършената работен ордер не може да бъде прекратена или отворена отново
Closing,Закриване
Closing Balance as per Bank Statement,Крайно салдо съгласно банковото извлечение
Closing Balance as per ERP,Крайно салдо съгласно ERP
Closing Stock Balance,Крайно салдо на запасите
Cmd+Enter to add comment,"Cmd+Enter, за да добавите коментар"
Code Challenge,Предизвикателство по програмиране
Code List,Списък с кодове
Code challenge method,Метод за решаване на задачи по програмиране
Collapsible Depends On (JS),Сгъваеми Depends On (JS)
Column Width,Ширина на колоната
Column width cannot be zero.,Ширината на колоната не може да бъде нула.
Columns are not according to template. Please compare the uploaded file with standard template,"Колоните не съответстват на шаблона. Моля, сравнете качения файл със стандартния шаблон"
Comm10E,Общувайте
Comment limit,Как да ограничим
Comment limit per hour,Ограничение на коментарите на час
Comment publicity can only be updated by the original author or a System Manager.,Публикациите в коментарите могат да бъдат актуализирани само от първоначалния автор или от системния администратор.
Commercial Rounding,Закръгляване при търговски операции
Committed,Ангажиран
Common Code,Общ код
Common words are easy to guess.,Обичайните думи се отгатват лесно.
Communication Channel,Канал за комуникация
Communication Date,Дата на съобщението
Communication secret not set,Не е зададен секретен код за комуникация
Company Account is mandatory,Служебният профил е задължителен
Company Address Display,Показване на адреса на фирмата
Company Billing Address,Адрес за фактуриране на фирмата
Company Contact Person,Отговорно лице в компанията
Company Details,Информация за компанията
Company Shipping Address,Адрес за доставка на фирмата
Company Tax ID,Идентификационен номер на дружеството
Company and Posting Date is mandatory,Полетата „Фирма“ и „Дата на публикуване“ са задължителни
Company is mandatory,Полето „Компания“ е задължително
Company is mandatory for company account,Фирмата е задължително условие за откриване на фирмен банков акаунт
Company is mandatory for generating an invoice. Please set a default company in Global Defaults.,"Полето „Фирма“ е задължително за създаване на фактура. Моля, задайте фирма по подразбиране в „Глобални настройки по подразбиране“."
Company which internal customer represents,"Компания, която представлява вътрешен клиент"
Company which internal customer represents.,"Компанията, която представлява вътрешният клиент."
Company which internal supplier represents,"Компанията, която вътрешният доставчик представлява"
Company {0} added multiple times,Компанията {0} е добавена няколко пъти
Company {0} is added more than once,Фирма {0} е добавена повече от веднъж
Company {} does not exist yet. Taxes setup aborted.,Фирма {} все още не съществува. Настройката на данъците беше прекъсната.
Company {} does not match with POS Profile Company {},Фирма {} не съвпада с профила на POS за фирма {}
Compare Versions,Сравни версиите
Competitor,Конкурент
Competitor Detail,Подробна информация за конкурента
Competitor Name,Име на конкурента
Competitors,Конкуренти
Compilation warning,Предупреждение при компилиране
Complete Job,Завърши задачата
Complete Order,Завърши поръчката
Completed By Role,Изпълнено по роли
Completed By User,Попълнено от потребителя
Completed On,Завършено на
Completed On cannot be greater than Today,Датата на завършване не може да бъде по-късна от днес
Completed Tasks,Изпълнени задачи
Completed Time,Изминало време
Completion Date can not be before Failure Date. Please adjust the dates accordingly.,"Датата на завършване не може да бъде по-ранна от датата на неуспех. Моля, коригирайте датите съответно."
Compressed,Сгъстен
Condition JSON,JSON формат
Condition description,Описание на състоянието
Conditional Rule,Условно правило
Conditional Rule Examples,Примери за условни правила
Configure Columns,Конфигуриране на колоните
Configure Product Assembly,Конфигуриране на сглобяването на продукта
Configure Recorder,Настройка на записващото устройство
Configure columns for {0},Конфигуриране на колоните за {0}
Configure how amended documents will be named.<br>||||||Default behaviour is to follow an amend counter which adds a number to the end of the original name indicating the amended version. <br>||||||Default Naming will make the amended document to behave same as new documents.,"Конфигурирайте начина, по който ще се именуват променените документи. ||||||По подразбиране се използва брояч на промените, който добавя номер в края на оригиналното име, за да обозначи променената версия.  ||||||При използване на именоването по подразбиране промененият документ ще се третира по същия начин като новите документи."
Configure the action to stop the transaction or just warn if the same rate is not maintained.,"Настройте действието така, че да прекъсва транзакцията или просто да извежда предупреждение, ако не се поддържа същата скорост."
Configure various aspects of how document naming works like naming series,"Конфигурирайте различни аспекти на начина, по който се именуват документите, като например сериите"
Confirm Access,Потвърди достъпа
Confirm Deletion of Account,Потвърдете изтриването на профила
Confirm Password,Потвърди паролата
"Congratulations on completing the module setup. If you want to learn more you can refer to the documentation <a target=""_blank"" href=""{0}"">here</a>.","Поздравления за успешното завършване на настройката на модула. Ако искате да научите повече, можете да разгледате документацията <a target=""_blank"" href=""{0}"">тук."
Connect to {},Свържете се с {}
Connected App,Свързано приложение
Connected User,Вписан потребител
Connection Lost,Връзката е прекъсната
Connections,Връзки
Consider Entire Party Ledger Amount,Вземете предвид общата сума по партийния сметководствен регистър
Consider Minimum Order Qty,Вземете предвид минималното количество за поръчка
Consider Process Loss,Вземете предвид загубите при преработката
Consider Rejected Warehouses,Вземете предвид складовете с отхвърлени стоки
Considered In Paid Amount,Включено в изплатената сума
Console Logs can not be deleted,Конзолните логове не могат да бъдат изтрити
Consolidate Sales Order Items,Обединяване на позициите в поръчката за продажби
Consolidate Sub Assembly Items,Обединяване на елементи от подсглобки
Constraints,Ограничения
Consumed Asset Total Value,Обща стойност на изразходваните активи
Consumed Assets,Изразходвани активи
Consumed Quantity,Използвано количество
Consumed Stock Items,Изразходвани стоки
Consumed Stock Items or Consumed Asset Items are mandatory for creating new composite asset,Изразходваните стокови позиции или изразходваните активи са задължителни за създаването на нов съставен актив
Consumed Stock Items,Изразходвани стоки
Consumed Stock Total Value,Обща стойност на изразходваните запаси
Consumption Rate,Равнище на потребление
Contact Mobile,Контакт по мобилен телефон
Contact Person does not belong to the {0},Отговорното лице не принадлежи към {0}
Contains {0} security fix,Съдържа {0} корекция на сигурността
Contains {0} security fixes,Съдържа {0} корекции по сигурността
Content data shoud be a list,Данните за съдържанието трябва да бъдат под формата на списък
Contract Template Help,Помощ за шаблони на договори
Contribution Qty,Брой на вноските
Control Historical Stock Transactions,Контрол на историческите борсови транзакции
Controls whether new users can sign up using this Social Login Key. If unset,Определя дали новите потребители могат да се регистрират чрез този ключ за вход чрез социална мрежа. Ако не е зададено
Conversion factor for item {0} has been reset to 1.0 as the uom {1} is same as stock uom {2}.,"Коефициентът на превръщане за артикул {0} е нулиран до 1,0, тъй като единицата за измерване {1} е същата като единицата за измерване на запасите {2}."
Conversion rate cannot be 0,Коефициентът на конверсия не може да бъде 0
Conversion rate is 1.00,"Обменният курс е 1,00"
Conversion rate must be 1.00 if document currency is same as company currency,"Коефициентът на превръщане трябва да бъде 1,00, ако валутата на документа е същата като валутата на фирмата"
Convert Item Description to Clean HTML in Transactions,Преобразуване на описанието на артикула в чист HTML код в транзакциите
Convert to Item Based Reposting,Преминаване към препубликуване на базата на елементи
Convert to Ledger,Преобразувай в главна книга
Copy Apps Version,Версия на приложението
Copy Embed Code,Копирай кода за вграждане
Copy Link,Копирай линка
Copy error to clipboard,Копирай грешката в клипборда
Copy to Clipboard,Копирай в клипборда
Copy token to clipboard,Копирай токена в клипборда
Correct version :,Правилната версия:
Corrective Job Card,Карта за корективни дейности
Corrective Operation,Коригираща операция
Corrective Operation Cost,Разходи за корективни дейности
Cost Center Allocation,Разпределение по разходни центрове
Cost Center Allocation Percentage,Процент на разпределение по разходни центрове
Cost Center Allocation Percentages,Проценти на разпределение по разходни центрове
Cost Center for Item rows has been updated to {0},Центърът на разходите за редовете с артикули е актуализиран на {0}
Cost Center is a part of Cost Center Allocation,Разходният център е част от разпределението на разходните центрове
Cost Center with Allocation records can not be converted to a group,Разходен център с записи за разпределение не може да бъде превърнат в група
Cost Center {0} cannot be used for allocation as it is used as main cost center in other allocation record.,"Разходният център {0} не може да се използва за разпределение, тъй като се използва като основен разходен център в друг запис за разпределение."
Cost Center {} doesn't belong to Company {},Разходен център {} не принадлежи към компания {}
Cost Center {} is a group cost center and group cost centers cannot be used in transactions,"Разходен център {} е групов разходен център, а груповите разходни центрове не могат да се използват в транзакции"
Cost Configuration,Конфигурация на разходите
Cost Per Unit,Цена за единица
Cost of Goods Sold Account in Items Table,Сметка „Разходи за продадени стоки“ в таблицата „Артикули“
Cost of Poor Quality Report,"Доклад за разходите, свързани с лошото качество"
Cost to Company (CTC),Разходи за компанията (CTC)
Costing Details,Подробности за ценообразуването
Costing and Billing fields has been updated,Полетата за калкулиране на разходите и фактуриране са актуализирани
Could Not Delete Demo Data,Не е възможно да се изтрият демо данните
Could not auto update shifts. Shift with shift factor {0} needed.,Не е възможно автоматичното актуализиране на смени. Необходима е смяна с коефициент {0}.
Could not detect the Company for updating Bank Accounts,Не беше възможно да се открие фирмата за актуализиране на банковите сметки
Could not find path for,Не беше намерен път към
Could not start up:,Не можа да се стартира:
Count of linked documents,Брой на свързаните документи
Country Code Required,Задължително е да се въведе кодът на държавата
Create & Continue,Създай и продължи
Create Delivery Note,Създаване на товарителница
Create Depreciation Entry,Създаване на запис за амортизация
Create Duplicate,Създай дубликат
Create Employee records.,Създайте записи за служителите.
Create Grouped Asset,Създаване на групиран ресурс
Create Job Card based on Batch Size,Създаване на работна карта въз основа на размера на партидата
Create Journal Entries,Създаване на счетоводни записи
Create Ledger Entries for Change Amount,Създаване на счетоводни записи за сумата на рестото
Create Letter Head,Създаване на бланка с лого
Create Link,Създай връзка
Create Multi-level BOM,Създаване на многостепенна спецификация
Create New Customer,Създаване на нов клиент
Create New DocType,Създаване на нов DocType
Create New Kanban Board,Създаване на ново канбан табло
Create Opportunity,Създайте възможност
Create Prospect,Създаване на потенциален клиент
Create Reposting Entries,Създаване на записи за препубликуване
Create Reposting Entry,Създаване на публикация за споделяне
Create Stock Entry,Създаване на складово движение
Create Workstation,Създаване на работна станция
Create a Reminder,Създай напомняне
Create a new ...,Създайте нов ...
Create a new composite asset,Създаване на нов композитен ресурс
Create a variant with the template image.,Създайте вариант с изображението от шаблона.
Create a {0} Account,Създайте профил {0}
Create and send emails to a specific group of subscribers periodically.,Създавайте и изпращайте периодично имейли до определена група абонати.
Create in Draft Status,Създай като чернова
Create or Edit Print Format,Създаване или редактиране на формат за печат
Create or Edit Workflow,Създаване или редактиране на работния поток
Create your workflow visually using the Workflow Builder.,Създайте своя работен поток визуално с помощта на инструмента за създаване на работни потоци.
Create {0} {1} ?,Създай {0} {1} ?
Created At,Създадено на
Created {0} scorecards for {1} between:,Създадени са {0} карти за оценка за {1} в периода:
Creating Delivery Note ...,Създаване на товарителница...
Creating Journal Entries...,Създаване на счетоводни записи...
Creating Packing Slip ...,Създаване на товарителница...
Creating Purchase Invoices ...,Създаване на фактури за покупка ...
Creating Purchase Receipt ...,Създаване на складова бележка за получаване ...
Creating Sales Invoices ...,Създаване на фактури за продажба ...
Creating Stock Entry,Създаване на стокова наличност
Creating Subcontracting Order ...,Създаване на поръчка за подизпълнение ...
Creating Subcontracting Receipt ...,Създаване на разписка за подизпълнение ...
Creating User...,Създаване на потребител...
Creation,Създаване
Creation of <b><a href='/app/{0}'>{1}(s)</a></b> successful,Създаването на B <a href='/app/{0}'>{1}(и)B  премина успешно
"Creation of {0} failed.|||				Check <b><a href=""/app/bulk-transaction-log"">Bulk Transaction Log</a></b>","Създаването на {0} се провали.||| Проверете B <a href=""/app/bulk-transaction-log"">Регистъра на масовите транзакцииB "
"Creation of {0} partially successful.|||				Check <b><a href=""/app/bulk-transaction-log"">Bulk Transaction Log</a></b>","Създаването на {0} е частично успешно.||| Проверете B <a href=""/app/bulk-transaction-log"">Регистъра на масовите транзакцииB "
Credit (Transaction),Кредит (транзакция)
Credit Amount in Transaction Currency,Сума на кредита във валутата на транзакцията
Credit Limit Crossed,Превишен кредитен лимит
Credit Limit Settings,Настройки на кредитния лимит
Credit Limit:,Кредитен лимит:
Credit Note will update it's own outstanding amount,Кредитната бележка ще актуализира собствената си неплатена сума
Creditor Turnover Ratio,Коефициент на обръщаемост на кредитите
Cron Interval should be between 1 and 59 Min,Интервалът на Cron трябва да е между 1 и 59 минути
Cron format is required for job types with Cron frequency.,За задачите с честота по Cron е необходим формат Cron.
Currency Exchange Settings Details,Подробности за настройките на обменния курс
Currency Exchange Settings Result,Резултат от настройките за обмен на валута
Currency list stores the currency value,Списъкът с валути съдържа стойностите на валутите
Current Asset,Краткосрочни активи
Current Index,Текущ индекс
Current Job ID,Текущ идентификационен номер на задачата
Current Level,Текущо ниво
Current Liability,Краткосрочни задължения
Current Node,Текущ възел
Current Ratio,Коефициент на ликвидност
Current Serial / Batch Bundle,Текущ сериен номер / Партиден номер
Current Value,Текуща стойност
Curves,Криви
Custom Block Name,Име на потребителски блок
Custom Blocks,Персонализирани блокове
Custom Document Types (Select Permission),Потребителски типове документи (избор на разрешения)
Custom Document Types Limit Exceeded,Превишен лимит за потребителски типове документи
Custom Footer,Персонализиран подзаглавен ред
Custom Group Search,Търсене по потребителска група
Custom Group Search if filled needs to contain the user placeholder {0},"Полето „Търсене по потребителска група“ трябва да съдържа заместващия символ {0}, ако е попълнено"
Custom HTML Block,Персонализиран HTML блок
Custom LDAP Directoy Selected,Избран персонализиран LDAP-директорий
Custom Label,Персонализиран етикет
Custom delimiters,Потребителски разделители
Custom field renamed to {0} successfully.,Потребителското поле беше преименувано на {0} успешно.
Customer,Клиент
Customer / Item / Item Group,Клиент / Артикул / Група артикули
Customer Defaults,Неизпълнение на задължения от страна на клиенти
Customer Group Item,Елемент от група клиенти
Customer Item,Артикул на клиента
Customer Name:,Име на клиента:
Customer Portal Users,Потребители на портала за клиенти
Customer:,Клиент:
Customizations Discarded,Отхвърлени персонализации
Customize Child Table,Персонализиране на подтаблица
Customize Dashboard,Персонализиране на таблото
Customize Form - {0},Персонализиране на формуляра - {0}
Cyan,Синьо-зелено
D - E,Д – Е
DELETE,ИЗТРИЙ
DFS,DFS
DLE,СПОРЕД
Daily Maintenance,Ежедневна поддръжка
Daily Time to send,Време за изпращане всеки ден
Dark,Тъмно
Dark Theme,Тъмна тема
Dashboard View,Изглед на таблото
Data Based On,Данни въз основа на
Data Clipped,Данните са отрязани
Data Fetch Method,Метод за извличане на данни
Data Import Log,Регистър за импортиране на данни
Data Import is not allowed for {0}. Enable 'Allow Import' in DocType settings.,Импортирането на данни не е разрешено за {0}. Активирайте опцията „Разреши импортиране“ в настройките на DocType.
Database,База данни
Database Processes,"Процеси, свързани с бази данни"
Database Row Size Utilization,Използване на размера на редовете в базата данни
Database Storage Usage By Tables,Използване на пространството в базата данни по таблици
Database Table Row Size Limit,Ограничение за размера на редовете в таблицата на базата данни
Database Table Row Size Utilization: {0}%,Използване на капацитета на редовете в таблицата на базата данни: {0}%
Database Version,Версия на базата данни
Date,Данни
Date Range,Период
Date must be between {0} and {1},Датата трябва да е между {0} и {1}
Date:,Дата:
Dates,Дати
Dates to Process,Дати за обработка
Days before the current subscription period,Няколко дни преди началото на текущия абонаментен период
DeLinked,Без връзка
Deadlock Occurred,Възникна блокировка
Deal Owner,Отговорен за сделката
Debit (Transaction),Дебит (транзакция)
Debit / Credit Note Posting Date,Дата на осчетоводяване на дебитна/кредитна бележка
Debit Amount in Transaction Currency,Сума по дебит в валутата на транзакцията
Debit Note will update it's own outstanding amount,Дебитната бележка ще актуализира собствената си неплатена сума
Debit-Credit Mismatch,Несъответствие между дебитни и кредитни суми
Debit-Credit mismatch,Несъответствие между дебитни и кредитни суми
Debt Equity Ratio,Съотношение дълг/собствен капитал
Debtor Turnover Ratio,Коефициент на обръщаемост на вземанията
Debug Log,Дневник за отстраняване на грешки
Default Advance Account,Сметка за авансово плащане по подразбиране
Default Advance Paid Account,Сметка с авансово плащане по подразбиране
Default Advance Received Account,Сметка за получени авансови плащания по подразбиране
Default Ageing Range,Стандартна възрастова група
Default Amendment Naming,Стандартно наименование на измененията
Default App,Приложение по подразбиране
Default BOM not found for FG Item {0},Не е намерена стандартна спецификация за артикул {0}
Default Common Code,Стандартен общ код
Default Discount Account,Сметка за отстъпки по подразбиране
Default Email Template,Шаблон за имейл по подразбиране
Default In-Transit Warehouse,Склад по подразбиране за транзитни стоки
Default Naming,Стандартно именоване
Default Operating Cost Account,Сметка за оперативни разходи по подразбиране
Default Payment Discount Account,Сметка с отстъпка при плащане по подразбиране
Default Provisional Account,Временна сметка по подразбиране
Default Sales Contact,Контактно лице по продажбите по подразбиране
Default Service Level Agreement for {0} already exists.,Вече съществува стандартно споразумение за ниво на обслужване за {0}.
Default Template For Field,Стандартен шаблон за поле
Default Unit of Measure for Item {0} cannot be changed directly because you have already made some transaction(s) with another UOM. You need to either cancel the linked documents or create a new Item.,"Стандартната мерна единица за артикул {0} не може да бъде променена директно, тъй като вече сте извършили транзакции с друга мерна единица. Трябва или да анулирате свързаните документи, или да създадете нов артикул."
Default User Role,Стандартна роля на потребителя
Default User Type,Тип потребител по подразбиране
Default View,Стандартно представяне
Default Workspace,Работна среда по подразбиране
Default display currency,Валута по подразбиране
Default settings for your stock-related transactions,"Стандартни настройки за вашите транзакции, свързани с акции"
Default tax templates for sales,Стандартни данъчни шаблони за продажби
Defaults Updated,Актуализирани настройки по подразбиране
Deferred Accounting,Отложено счетоводство
Deferred Accounting Defaults,Настройки по подразбиране за отложено счетоводство
Deferred Revenue and Expense,Отложени приходи и разходи
Deferred accounting failed for some invoices:,Отложеното осчетоводяване не успя за някои фактури:
Defines how long exported reports sent via email are kept in the system. Older files will be automatically deleted.,"Определя колко дълго се съхраняват в системата експортираните отчети, изпратени по имейл. По-старите файлове ще бъдат автоматично изтривани."
Delay (In Days),Забавяне (в дни)
Delayed Tasks Summary,Обобщение на забавените задачи
Delete Account,Изтриване на профил
Delete Accounting and Stock Ledger Entries on deletion of Transaction,Изтриване на записите в счетоводната книга и инвентарната книга при изтриване на транзакция
Delete Background Exported Reports After (Hours),Изтриване на експортираните отчети от архива след (часа)
Delete Bins,Изтриване на кошчета
Delete Cancelled Ledger Entries,Изтриване на отменени счетоводни записи
Delete Column,Изтрий колона
Delete Dimension,Изтриване на измерение
Delete Kanban Board,Изтрий таблото за канбан
Delete Leads and Addresses,Изтриване на потенциални клиенти и адреси
Delete Section,Изтрий раздела
Delete Tab,Изтрий раздела
Delete Transactions,Изтриване на транзакции
Delete Workspace,Изтрий работната среда
Delete column,Изтрий колона
Delete entire column with fields,Изтриване на цяла колона с полета
Delete entire section with fields,Изтрий цялата секция с полетата
Delete entire tab with fields,Изтриване на целия раздел с полетата
Delete section,Изтрий раздела
Delete tab,Изтрий раздела
Delete {0} item permanently?,Да изтриете {0} елемент окончателно?
Deleted all documents successfully,Всички документи бяха успешно изтрити
Deleted!,Изтрито!
Deleting {0} and all associated Common Code documents...,Изтриване на {0} и всички свързани документи от общия код...
Deleting {0} records...,Изтриване на {0} записи...
Deleting {0}...,Изтриване на {0}...
Deletion Steps,Стъпки за изтриване
Deletion in Progress!,Изтриване в ход!
Delimiter must be a single character,Разделителят трябва да бъде един символ
Delimiter options,Опции за разделители
Delivered Qty (in Stock UOM),Доставено количество (в единица мярка на наличността)
Delivery Manager,Мениджър по доставките
Delivery Note Packed Item,Складова разписка за опакован артикул
Delivery Note(s) created for the Pick List,"Складови разписки, създадени за списъка за събиране"
Delivery User,Потребител на доставката
Delivery to,Доставка до
Demand,Търсене
Demo Bank Account,Демо банкова сметка
Demo Company,Демо компания
Demo data cleared,Демо данните са изтрити
Deny,Отричам
Dependant SLE Voucher Detail No,Номер на ваучер за зависими лица с SLE
Dependencies & Licenses,Зависимости и лицензи
Dependent Task {0} is not a Template Task,Зависимата задача {0} не е шаблонна задача
Deposit,Депозит
Depreciate based on daily pro-rata,Амортизация на базата на дневен пропорционален принцип
Depreciate based on shifts,Амортизация въз основа на смени
Depreciation Details,Подробности за амортизацията
Depreciation Entry Posting Status,Статус на осчетоводяване на амортизационната отписване
Depreciation Entry against asset {0},Отразяване на амортизацията на актив {0}
Depreciation Entry against {0} worth {1},Отписване на {0} на стойност {1}
Depreciation Expense Account should be an Income or Expense Account.,Сметката за разходи за амортизация трябва да бъде сметка за приходи или разходи.
Depreciation Posting Date cannot be before Available-for-use Date,Датата на отчитане на амортизацията не може да бъде по-ранна от датата на въвеждане в експлоатация
Depreciation Row {0}: Depreciation Posting Date cannot be before Available-for-use Date,Ред за амортизация {0}: Датата на осчетоводяване на амортизацията не може да бъде по-ранна от датата на въвеждане в експлоатация
Depreciation Schedule View,Преглед на графика за амортизация
Depreciation cannot be calculated for fully depreciated assets,Амортизацията не може да се изчисли за напълно амортизирани активи
Depreciation eliminated via reversal,"Амортизация, отстранена чрез сторниране"
Descendants Of (inclusive),Потомци на (включително)
Description of Content,Описание на съдържанието
Description to inform the user about any action that is going to be performed,"Описание, което информира потребителя за всяко действие, което ще бъде извършено"
Desk Settings,Настройки на работния плот
Desk Theme,Тема за работния плот
Desk User,Потребител на настолен компютър
Diff,Разлика
Difference Account in Items Table,Разликата в сметката в таблицата с артикули
Difference Account must be a Asset/Liability type account (Temporary Opening),Сметката за разлики трябва да бъде сметка от типа „Актив/Пасив“ (временна сметка)
Difference In,Разлика в
Difference Posting Date,Разлика в датата на осчетоводяване
Difference Qty,Разлика в количеството
Different 'Source Warehouse' and 'Target Warehouse' can be set for each row.,За всеки ред могат да се зададат различни „изходни хранилища“ и „целеви хранилища“.
Dimension Details,Подробности за размерите
Dimension Filter Help,Помощ за филтъра за размери
Dimension-wise Accounts Balance Report,Отчет за салдата по сметките по размери
Dimensions,Размери
Dinars,Динари
Direct Expense,Пряк разход
Directory Server,Сървър за директории
Disable Automatic Recency Filters,Деактивиране на автоматичните филтри по актуалност
Disable Change Log Notification,Деактивиране на известията за списъка с промените
Disable Comment Count,Деактивиране на брояча на коментарите
Disable Document Sharing,Деактивиране на споделянето на документи
Disable Last Purchase Rate,Деактивиране на курса от последната покупка
Disable Likes,Деактивиране на харесванията
Disable Serial No And Batch Selector,Деактивиране на селектора за сериен номер и партида
Disable System Update Notification,Деактивиране на известията за актуализации на системата
Disable Username/Password Login,Деактивиране на влизането с потребителско име и парола
Disable auto setting Grand Total to default Payment Mode,Деактивиране на автоматичното задаване на „Обща сума“ като режим на плащане по подразбиране
Disable signups,Деактивиране на регистрациите
Disabled Account Selected,Избрана е деактивирана сметка
Disabled Warehouse {0} cannot be used for this transaction.,Деактивираният склад {0} не може да се използва за тази транзакция.
Disabled pricing rules since this {} is an internal transfer,"Правилата за ценообразуване са деактивирани, тъй като това {} е вътрешен трансфер"
Disabled tax included prices since this {} is an internal transfer,"Цените включват ДДС, тъй като това {} е вътрешен трансфер"
Disables auto-fetching of existing quantity,Деактивира автоматичното извличане на наличното количество
Disassemble,Разглобяване
Disassemble Order,Поръчка за разглобяване
Disassemble Qty cannot be less than or equal to <b>0</b>.,Броят на разглобените части не може да бъде по-малък или равен на B 0B .
Disassembled Qty,Брой разглобени
Discard?,Да изтриеш ли?
Disclaimer: These indexes are suggested based on data and queries performed during this recording. These suggestions may or may not help.,"Забележка: Тези индекси се предлагат въз основа на данни и заявки, изпълнени по време на този запис. Тези предложения може да са полезни, а може и да не са."
Discount Account,Сметка с отстъпка
Discount Amount in Transaction,Размер на отстъпката в транзакцията
Discount Date,Дата на отстъпката
Discount Percentage in Transaction,Процент на отстъпката при транзакцията
Discount Settings,Настройки за отстъпки
Discount Validity,Срок на валидност на отстъпката
Discount Validity Based On,Срок на валидност на отстъпката въз основа на
Discount cannot be greater than 100%.,Отстъпката не може да надвишава 100%.
Discount of {} applied as per Payment Term,Приложена е отстъпка от {} съгласно условията за плащане
Discounted Amount,Сума с отстъпка
Discounts to be applied in sequential ranges like buy 1 get 1,"Отстъпките се прилагат по последователни групи, например „купи 1, получи 1 безплатно“"
Discrepancy between General and Payment Ledger,Разлика между главната книга и счетоводната книга за плащанията
Discussion Reply,Отговор в дискусията
Discussion Topic,Тема за обсъждане
Dispatch Address,Адрес за доставка
Dispatch Address Details,Данни за адреса за доставка
Dispatch Address Name,Адрес за доставка Име
Dispatch Address Template,Шаблон за адрес на получателя
Display Depends On (JS),Показване в зависимост от (JS)
Distinct Item and Warehouse,Отделен артикул и склад
Distribute Additional Costs Based On,Разпределяне на допълнителните разходи въз основа на
Distribute Manually,Разпространяване ръчно
Distributed Discount Amount,Разпределена сума на отстъпката
Divider,Разделител
Do Not Create New User,Не създавайте нов потребител
Do Not Explode,Не избухвай
Do Not Update Serial / Batch on Creation of Auto Bundle,Не актуализирайте серийния номер/партидния номер при създаване на автоматичен пакет
Do Not Use Batch-wise Valuation,Не използвайте оценяване по партиди
Do Not Use Batchwise Valuation,Не използвайте оценяване по партиди
Do not create new user if user with email does not exist in the system,"Не създавайте нов потребител, ако потребител с този имейл адрес не съществува в системата"
Do not have permission to access bucket {0}.,Нямате разрешение за достъп до папката {0}.
Do you still want to enable immutable ledger?,Все още ли искате да активирате неизменния регистър?
Do you still want to enable negative inventory?,Все още ли искате да активирате отрицателните наличности?
Do you still want to proceed?,Все още ли искате да продължите?
Do you want to change valuation method?,Искате ли да промените метода на оценяване?
DocStatus of the following states have changed:<br><strong>{0}</strong><br>|||				Do you want to update the docstatus of existing documents in those states?<br>|||				This does not undo any effect bought in by the document's existing docstatus.|||,"Документалният статус на следните състояния се е променил: {0} ||| Искате ли да актуализирате документалния статус на съществуващите документи в тези състояния? ||| Това няма да отмени ефектите, предизвикани от настоящия документален статус на документа.|||"
DocType Layout,Документален тип Оформление
DocType Layout Field,Поле за оформление на DocType
DocType Missing,Липсва DocType
DocType State,Тип документ: Състояние
DocType must be a string,DocType трябва да бъде низ
DocType must have atleast one field,DocType трябва да съдържа поне едно поле
DocType not supported by Log Settings.,Типът на документа не се поддържа от настройките на лога.
DocType required,Задължително е да се посочи DocType
DocType {0} does not exist.,Документният тип {0} не съществува.
DocType {} not found,DocType {} не е намерен
DocTypes can not be modified,Типовете документи не могат да бъдат променяни
DocTypes should not be added manually to the 'Excluded DocTypes' table. You are only allowed to remove entries from it.,Документните типове не трябва да се добавят ръчно в таблицата „Изключени документни типове“. От нея можете само да премахвате записи.
Doctype name is limited to {0} characters ({1}),Името на Doctype е ограничено до {0} символа ({1})
Doctype with same route already exist. Please choose different title.,"Вече съществува документ със същия маршрут. Моля, изберете друго заглавие."
Document Linking,Свързване на документи
Document Links Row #{0}: Could not find field {1} in {2} DocType,"Връзки към документи, ред #{0}: Не беше намерено поле {1} в {2} DocType"
Document Links Row #{0}: Invalid doctype or fieldname.,"Връзки към документи, ред #{0}: Невалиден тип документ или име на поле."
Document Links Row #{0}: Parent DocType is mandatory for internal links,"Връзки към документи, ред #{0}: Документният тип на родителския документ е задължителен за вътрешни връзки"
Document Links Row #{0}: Table Fieldname is mandatory for internal links,"Връзки към документи, ред #{0}: Полето „Име на таблицата“ е задължително за вътрешни връзки"
Document Name must be a string,Името на документа трябва да бъде текстов низ
Document Naming Settings,Настройки за имената на документите
Document No,Документ №
Document Saved,Документът е запазен
Document Share Key,Ключ за споделяне на документи
Document Share Key Expiry (in Days),Срок на валидност на ключа за споделяне на документа (в дни)
Document Type already used as a dimension,Типът на документа вече се използва като измерение
Document Type and Function are required to create a number card,Полетата „Тип документ“ и „Функция“ са задължителни за създаване на номерна карта
Document Types (Select Permissions Only),Видове документи (само за избрани разрешения)
Document Types and Permissions,Видове документи и разрешения
Document Unlocked,Документът е отключен
Document has been cancelled,Документът е анулиран
Document has been submitted,Документът е подаден
Document is in draft state,Документът е в чернова
Document not Relinked,Документът не е превързан
Document renaming from {0} to {1} has been queued,Преименуването на документа от {0} на {1} е поставено в опашката
Document {0} {1} does not exist,Документът {0} {1} не съществува
Documentation,Документация
Documents Processed on each trigger. Queue Size should be between 5 and 100,"Документи, обработвани при всяко задействане. Размерът на опашката трябва да е между 5 и 100"
Documents: {0} have deferred revenue/expense enabled for them. Cannot repost.,Документи: За {0} е активирана опцията за отложени приходи/разходи. Не е възможно презаписване.
Domain Name,Домейн
Don't Enforce Free Item Qty,Не налагайте ограничение за броя на безплатните артикули
Don't Reserve Sales Order Qty on Sales Return,Не запазвайте количеството от поръчката при връщане на стока
Don't encode HTML tags like &lt;script&gt; or just characters like &lt; or &gt;,Не кодирайте HTML-етикети като &lt;script&gt; или просто символи като &lt; или &gt;
Don't have an account?,Нямате профил?
Dont Recompute tax,Не преизчислявайте данъка
Double click to edit label,"Кликнете два пъти, за да редактирате етикета"
Download CSV Template,Изтегли CSV шаблон
Download PDF for Supplier,Изтеглете PDF файла за доставчици
Download as CSV,Изтегли като CSV
Download vCard,Изтегли vCard
Download vCards,Изтегли vCard
Drag,Драг
Drag & Drop a section here from another tab,Плъзнете и пуснете тук секция от друг раздел
Drag and drop files here or upload from,Плъзнете и пуснете файловете тук или ги качите от
Drag columns to set order. Column width is set in percentage. The total width should not be more than 100. Columns marked in red will be removed.,"Плъзнете колоните, за да определите реда им. Ширината на колоните се задава в проценти. Общата ширина не трябва да надвишава 100. Колоните, маркирани в червено, ще бъдат премахнати."
Drag to add state,"Плъзнете, за да добавите щат"
Drop Procedures,Процедури за изтриване
Dropbox Refresh Token,Токен за обновяване на Dropbox
Drops existing SQL Procedures and Function setup by Accounts Receivable report,"Премахва съществуващите SQL процедури и функции, зададени в отчета за вземания"
Dunning Amount (Company Currency),Сума за напомняне (валута на компанията)
Dunning Level,Ниво на напомняне
Duplicate Closing Stock Balance,Дублиран остатък на запасите в края на периода
Duplicate Customer Group,Дублирана група клиенти
Duplicate Entry,Повторна регистрация
Duplicate Finance Book,Дубликат на финансовата книга
Duplicate Item Group,Дублирана група елементи
Duplicate POS Invoices found,Намерени са дублирани POS фактури
Duplicate Workspace,Дублиране на работна среда
Duplicate current row,Дублирай текущия ред
Duplicate field,Поле с дубликат
Duplicate of {0} named as {1} is created successfully,Дубликатът на {0} с име {1} беше създаден успешно
Dynamic,Динамичен
Dynamic Condition,Динамично състояние
EAN-12,Европейски артикулен номер – 12
EAN-8,EAN-8
EDI,Електронен обмен на данни
Edit Capacity,Редактиране на капацитета
Edit Cart,Редактирай кошницата
Edit Existing,Редактиране на съществуващ
Edit Filters,Редактиране на филтри
Edit Footer,Редактиране на долния колонтитул
Edit Full Form,Редактиране на пълната форма
Edit Header,Редактиране на заглавието
Edit Letter Head,Редактиране на бланката
Edit Letter Head Footer,Редактиране на горния и долния колонтитул
Edit Note,Редактиране на бележка
Edit Print Format,Редактиране на формата за печат
Edit Qty,Редактиране на количеството
Edit Workspace,Редактиране на работната среда
Edit mode,Режим на редактиране
Edit your response,Редактирай отговора си
Edit your workflow visually using the Workflow Builder.,Редактирайте работния си процес визуално с помощта на Workflow Builder.
Editing {0},Редактиране на {0}
Editing {0} is not allowed as per POS Profile settings,Редактирането на {0} не е разрешено съгласно настройките на POS профила
Either 'Selling' or 'Buying' must be selected,"Трябва да бъде избрано или „Продажба“, или „Покупка“"
Either key or IP flag is required.,Задължително е да се посочи ключ или IP адрес.
Element Selector,Селектор на елементи
Email Account Disabled.,Имейл акаунтът е деактивиран.
Email Account not setup. Please create a new Email Account from Settings > Email Account,"Имейл акаунтът не е настроен. Моля, създайте нов имейл акаунт от „Настройки“ > „Имейл акаунт“"
Email Address (required),Имейл адрес (задължително)
Email Address must be unique,Имейл адресът трябва да е уникален
Email Campaign Error,Грешка в имейл кампанията
Email Campaign Send Error,Грешка при изпращането на имейл кампания
Email Digest Recipient,Получател на обобщението по имейл
Email Digest: {0},Обобщение по имейл: {0}
Email Queue flushing aborted due to too many failures.,Изчистването на опашката с имейли беше прекъснато поради прекалено много грешки.
Email Receipt,Потвърждение по имейл
Email Retry Limit,Ограничение за повторен опит за изпращане на имейл
Email Sent At,"Имейл, изпратен на"
Email Threads on Assigned Document,Имейл кореспонденция по отношение на възложения документ
Email or Phone/Mobile of the Contact are mandatory to continue.,"За да продължите, е задължително да въведете имейл адреса или номера на телефона/мобилния телефон на контактното лице."
Email queue is currently suspended. Resume to automatically send other emails.,"Опашката за имейли е временно деактивирана. Възобновете, за да продължи автоматичното изпращане на останалите имейли."
Email verification failed.,Проверката на имейла се провали.
Emails,Имейли
Emails Pulled,Изтеглени имейли
Emails are already being pulled from this account.,Вече се изтеглят имейли от този акаунт.
Embed code copied,Кодът за вграждане е копиран
Employee Exit,Напускане на служител
Employee User Id,Идентификационен номер на служителя
Employee is required,Търси се служител
Employee {0} does not belong to the company {1},Служителят {0} не работи в компанията {1}
Employee {0} is currently working on another workstation. Please assign another employee.,"Служителят {0} в момента работи на друго работно място. Моля, определете друг служител."
Employee {0} not found,Служител {0} не е намерен
Empty column,Празна колона
Enable Allow Partial Reservation in the Stock Settings to reserve partial stock.,"Активирайте опцията „Разреши частично резервиране“ в настройките за наличностите, за да можете да резервирате частично от наличностите."
Enable Automatic Party Matching,Активиране на автоматичното съчетаване на групи
Enable Common Party Accounting,Активиране на общо счетоводство за партии
Enable Discount Accounting for Selling,Активиране на отчитането на отстъпките при продажби
Enable Email Notification,Активиране на известия по имейл
Enable Fuzzy Matching,Активиране на приблизително съвпадение
Enable Google indexing,Активиране на индексирането от Google
Enable Health Monitor,Активиране на Health Monitor
Enable Immutable Ledger,Активиране на неизменния регистър
Enable Prepared Report,Активиране на готов отчет
Enable Provisional Accounting For Non Stock Items,"Активиране на временно счетоводство за артикули, които не са на склад"
Enable Push Notification Relay,Активиране на препращането на известия
Enable Rate Limit,Активиране на ограничението на честотата
Enable Scheduler,Активиране на планиращия модул
Enable Stock Reservation,Активиране на резервацията на наличности
Enable System Notification,Активиране на системните известия
Enable developer mode to create a standard Print Template,"Активирайте режим за разработчици, за да създадете стандартен шаблон за печат"
Enable email notification for any comment or likes received on your Blog Post.,"Активирайте известия по имейл за всеки коментар или харесване, получени към вашата публикация в блога."
Enable if on click|||opens modal.,Активирай при кликване|||отваря модален прозорец.
Enable in-app website tracking,Активиране на проследяването на уебсайтове в приложението
Enable it if users want to consider rejected materials to dispatch.,"Активирайте тази опция, ако потребителите искат да включват отхвърлените материали в пратките."
Enable this checkbox even if you want to set the zero priority,"Поставете отметка в това поле, дори ако искате да зададете приоритет „нула“"
Enable this option to calculate daily depreciation by considering the total number of days in the entire depreciation period,"Активирайте тази опция, за да се изчислява дневната амортизация въз основа на общия брой дни за целия амортизационен период"
Enable to apply SLA on every {0},Включване на SLA за всеки {0}
Enabled Scheduler,Активиран планиращ модул
Enables Calendar and Gantt views.,Активира изгледите „Календар“ и „Гант“.
Enabling auto reply on an incoming email account will send automated replies to all the synchronized emails. Do you wish to continue?,Активирането на автоматичния отговор за акаунт за входяща поща ще изпрати автоматични отговори на всички синхронизирани имейли. Искате ли да продължите?
Enabling this checkbox will force each Job Card Time Log to have From Time and To Time,"Ако маркирате това поле, във всеки дневник за отработено време на работна карта задължително ще се попълват полетата „Начален час“ и „Краен час“"
Enabling this ensures each Purchase Invoice has a unique value in Supplier Invoice No. field within a particular fiscal year,"Активирането на тази опция гарантира, че всяка фактура за покупка има уникална стойност в полето „Номер на фактура от доставчика“ в рамките на дадена финансова година"
Enabling this option will allow you to record - <br><br> 1. Advances Received in a <b>Liability Account</b> instead of the <b>Asset Account</b><br><br>2. Advances Paid in an <b>Asset Account</b> instead of the <b> Liability Account</b>,"Активирането на тази опция ще ви позволи да записвате:   1. Получени аванси в B пасивна сметкаB , вместо в B активна сметкаB   2. Изплатени аванси в B активна сметкаB , вместо в B пасивна сметкаB "
Enabling this will allow creation of multi-currency invoices against single party account in company currency,Активирането на тази опция ще позволи създаването на фактури в различни валути за сметката на един клиент във валутата на фирмата
Enabling this will change the way how cancelled transactions are handled.,"Активирането на тази опция ще промени начина, по който се обработват отменените транзакции."
Enabling this will register your site on a central relay server to send push notifications for all installed apps through Firebase Cloud Messaging. This server only stores user tokens and error logs,"Ако активирате тази опция, сайтът ви ще бъде регистриран на централен релей сървър, който ще изпраща известия за всички инсталирани приложения чрез Firebase Cloud Messaging. Този сървър съхранява само потребителски токени и логове за грешки"
Enabling this will register your site on a central relay server to send push notifications for all installed apps through Firebase Cloud Messaging. This server only stores user tokens and error logs,"Ако активирате тази опция, сайтът ви ще бъде регистриран на централен релей сървър, който ще изпраща известия за всички инсталирани приложения чрез Firebase Cloud Messaging. Този сървър съхранява само потребителски токени и логове за грешки"
Enabling this will submit documents in background,"Ако активирате тази опция, документите ще се изпращат във фонов режим"
Encrypt Backups,Криптиране на резервните копия
Encryption key is in invalid format!,Ключът за криптиране е в невалиден формат!
Encryption key is invalid! Please check site_config.json,"Ключът за криптиране е невалиден! Моля, проверете файла site_config.json"
End,Край
End Date cannot be today.,Крайната дата не може да бъде днес.
End Transit,Край на транзита
End of the current subscription period,Краят на текущия абонаментен период
Ended At,Приключи в
Enforce Time Logs,Прилагане на регистрите за работното време
Enqueued By,Добавено от
Enqueued creation of indexes,Създаване на индекси в опашката
Ensure the user and group search paths are correct.,"Уверете се, че пътеките за търсене на потребители и групи са правилни."
Enter Email Recipient(s) in the To,Въведете имейл адресите на получателите в полето „До“
Enter First and Last name of Employee,Въведете име и фамилия на служителя
Enter Manually,Въведете ръчно
Enter Serial Nos,Въведете серийния номер
Enter Visit Details,Въведете подробности за посещението
Enter a name for Routing.,Въведете име за маршрутизацията.
Enter a name for the Operation,Въведете име за операцията
Enter a name for this Holiday List.,Въведете име за този списък с празници.
Enter a name for this {0},Въведете име за това {0}
Enter an Item Code,Въведете код на артикула
Enter date to scrap asset,Въведете датата на извеждане на актива
Enter each serial no in a new line,Въведете всеки сериен номер на нов ред
Enter the Operation,Влезте в операцията
Enter the Operation,Влезте в операцията
Enter the opening stock units.,Въведете началните количества стока.
Enter the quantity of the Item that will be manufactured from this Bill of Materials.,"Въведете количеството на артикула, който ще бъде произведен въз основа на тази спецификация."
Enter the quantity to manufacture. Raw material Items will be fetched only when this is set.,Въведете количеството за производство. Артикулите със суровини ще бъдат извлечени само ако това поле е попълнено.
Error connecting via IMAP/POP3: {e},Грешка при свързване чрез IMAP/POP3: {e}
Error connecting via SMTP: {e},Грешка при свързване чрез SMTP: {e}
Error during caller information update,Грешка при актуализиране на информацията за обаждащия се
Error in Client Script,Грешка в клиентския скрипт
Error in Client Script.,Грешка в клиентския скрипт.
Error in Header/Footer Script,Грешка в скрипта за заглавие/подзаглавие
Error in party matching for Bank Transaction {0},Грешка при съпоставянето на страните за банковата транзакция {0}
Error in print format on line {0}: {1},Грешка във формата на отпечатване на ред {0}: {1}
Error while posting depreciation entries,Грешка при въвеждането на амортизационни записи
Error while processing deferred accounting for {0},Възникна грешка при обработката на отложеното счетоводно отчитане за {0}
Error while reposting item valuation,Грешка при повторното осчетоводяване на стоката
Error: This asset already has {0} depreciation periods booked.|||				The `depreciation start` date must be at least {1} periods after the `available for use` date.|||				Please correct the dates accordingly.,"Грешка: За този актив вече са отчетени {0} амортизационни периода.||| Датата на „начало на амортизацията“ трябва да бъде най-малко {1} периода след датата на „влизане в експлоатация“.||| Моля, коригирайте датите съответно."
Errors,Грешки
Errors Notification,Уведомление за грешки
Event Frequency,Честота на събитията
Event Notifications,Известия за събития
Event Reminders,Напомняния за събития
Events,Събития
Exact Copies,Точни копия
Example URL,Пример за URL адрес
Example of a linked document: {0},Пример за свързан документ: {0}
Example: Serial No {0} reserved in {1}.,Пример: Сериен номер {0} е запазен в {1}.
Example: Setting this to 24:00 will log out a user if they are not active for 24:00 hours.,"Пример: Ако зададете тази настройка на 24:00, потребителят ще бъде изключен, ако не е бил активен в продължение на 24:00 часа."
Excellent,Отлично
Excess Materials Consumed,Изразходвани излишни материали
Excess Transfer,Прехвърляне на излишъка
Exchange Gain / Loss,Печалба/загуба от обмен
Exchange Gain Or Loss,Печалба или загуба от обмен
Exchange Gain/Loss amount has been booked through {0},Сумата на печалбата/загубата от обмен е осчетоводена чрез {0}
Exchange Rate Revaluation Settings,Настройки за преоценка на валутния курс
Exclude Zero Balance Parties,Изключване на клиенти с нулев баланс
Excluded DocTypes,Изключени типове документи
Excluded Fee,Изключена такса
Executing...,Изпълнява се...
Executive,Изпълнителен
Exempt Supplies,Освободени от данък доставки
Exit Full Screen,Изход от пълен екран
Expected,Очаквано
Expected Balance Qty,Очаквано количество на наличността
Expected End Date should be less than or equal to parent task's Expected End Date {0}.,Очакваната дата на приключване трябва да е по-ранна или същата като очакваната дата на приключване {0} на родителската задача.
Expected Stock Value,Очаквана стойност на запасите
Expected Time Required (In Mins),Предполагаемо необходимо време (в минути)
Experimental,Експериментален
Expires in a week or less,Изтича след седмица или по-малко
Expires today or already expired,Изтича днес или вече е изтекъл
Expiry,Срок на валидност
Export Import Log,Регистър за внос и износ
Export all matching rows?,Да се експортират всички съвпадащи редове?
Export all {0} rows?,Да се експортират всички {0} реда?
Export as zip,Експортирай като ZIP файл
Export in Background,Експорт във фонов режим
Export the data without any header notes and column descriptions,Експортирайте данните без заглавни бележки и описания на колоните
Export without main header,Експортиране без главно заглавие
Exported permissions will be force-synced on every migrate overriding any other customization.,"Експортираните разрешения ще се синхронизират принудително при всяка миграция, като ще отменят всякакви други персонализации."
Expression,Израз
Expression (old style),Израз (старият стил)
Extended Bank Statement,Разширен банков извлечение
Extra Consumed Qty,Допълнително изразходвано количество
Extra Job Card Quantity,Допълнително количество карти за работа
Extra Parameters,Допълнителни параметри
FG Qty from Transferred Raw Materials,Брой от прехвърлените суровини
FIFO Queue vs Qty After Transaction Comparison,Сравнение между опашката по метода FIFO и количеството след транзакцията
FIFO Stock Queue (qty,Опашка на запасите по метода FIFO (бр.)
FIFO/LIFO Queue,"Опашка по принципа „първи влязъл, първи излязъл“"
Failed Emails,Неуспешни имейли
Failed Entries,Неуспешни записи
Failed Job Count,Брой неуспешни задачи
Failed Jobs,Неуспешни задачи
Failed Logins (Last 30 days),Неуспешни опити за вход (последните 30 дни)
Failed to aquire lock: {}. Lock may be held by another process.,Не успях да придобия блокировка: {}. Блокировката вероятно е заета от друг процес.
Failed to compute request body: {},Не успяхме да обработим тялото на заявката: {}
Failed to decrypt key {0},Не успях да декриптирам ключ {0}
Failed to delete {0} documents: {1},Не успях да изтрия {0} документа: {1}
Failed to enable scheduler: {0},Не успях да активирам планиращия модул: {0}
Failed to erase demo data,Не успях да изтрия демо данните
Failed to evaluate conditions: {},Не успях да оценя условията: {}
Failed to export python type hints,Не успях да експортирам подсказки за типове в Python
Failed to generate names from the series,Не успях да генерирам имена от поредицата
Failed to generate preview of series,Не успях да генерирам предварителен преглед на поредицата
Failed to get method for command {0} with {1},Не успях да извикам метода за команда {0} с {1}
Failed to get method {0} with {1},Не успях да извикам метода {0} с {1}
Failed to import virtual doctype {},Не успях да импортирам виртуален докт тип {}
Failed to optimize image: {0},Не успях да оптимизирам изображението: {0}
Failed to post depreciation entries,Не успях да запиша амортизационните записи
Failed to request login to Frappe Cloud,Не успях да се свържа с Frappe Cloud
Failed to send email for campaign {0} to {1},Не успяхме да изпратим имейл за кампания {0} до {1}
Failed to send email with subject:,Не успях да изпратя имейл със следния предмет:
Failed to send notification email,Не успях да изпратя имейл с уведомление
Failed to setup defaults for country {0}. Please contact support.,"Не успяхме да зададем настройките по подразбиране за държавата {0}. Моля, свържете се с отдела за поддръжка."
Failed to update global settings,Не успях да актуализирам глобалните настройки
Failed while calling API {0},Възникна грешка при извикване на API {0}
Failing Scheduled Jobs (last 7 days),Неуспешни планирани задачи (последните 7 дни)
Failure Description,Описание на неизправността
Failure Rate,Процент на отказите
Fetch Based On,Извличане въз основа на
Fetch Latest Exchange Rate,Изтегли актуалния обменен курс
Fetch Overdue Payments,Извличане на просрочени плащания
Fetch Timesheet,Изтегли табела за отчитане на работното време
Fetch Timesheet in Sales Invoice,Въвеждане на отчета за отработеното време във фактурата за продажба
Fetch Valuation Rate for Internal Transaction,Извличане на оценъчната ставка за вътрешна транзакция
Fetch Value From,Извличане на стойност от
Fetch on Save if Empty,"Извличане при запазване, ако полето е празно"
Fetching Error,Възникна грешка при извличането
Fetching exchange rates ...,Извличане на обменни курсове ...
Fetching fields from {0}...,Извличане на полета от {0}...
"Field ""title"" is mandatory if ""Website Search Field"" is set.","Полето „заглавие“ е задължително, ако е зададено „Поле за търсене в уебсайта“."
Field Missing,Липсващо поле
Field Orientation (Left-Right),Ориентация на полето (ляво-дясно)
Field Orientation (Top-Down),Ориентация на полето (отгоре надолу)
Field Template,Шаблон за поле
Field not permitted in query,Полето не е допустимо в заявката
Field {0} does not exist on {1},Поле {0} не съществува в {1}
Field {0} is referring to non-existing doctype {1}.,Поле {0} се отнася към несъществуващ тип документ {1}.
Fieldname '{0}' conflicting with a {1} of the name {2} in {3},Името на полето „{0}“ е в конфликт с {1} с име {2} в {3}
Fieldname called {0} must exist to enable autonaming,"За да се активира автоматичното именуване, трябва да съществува поле с име {0}"
Fieldname {0} appears multiple times,Името на полето {0} се появява няколко пъти
Fields `file_name` or `file_url` must be set for File,За параметъра „Файл“ трябва да бъдат зададени полетата `file_name` или `file_url`
Fieldtype cannot be changed from {0} to {1},Типът на полето не може да бъде променен от {0} на {1}
"File ""{0}"" was skipped because of invalid file type",Файлът „{0}“ беше пропуснат поради невалиден тип файл
File Storage,Съхранение на файлове
File type of {0} is not allowed,Типът файл на {0} не е разрешен
File upload failed.,Качването на файла се провали.
Filter by Reference Date,Филтрирай по дата на позоваване
Filter on Invoice,Филтриране по фактура
Filter on Payment,Филтриране по начин на плащане
Filtered By,Филтрирано по
Filters missing,Липсват филтри
Filters {0},Филтри {0}
Filters:,Филтри:
Final Product,Краен продукт
Financial Ratios,Финансови показатели
Financial Year Begins On,Финансовата година започва на
Financial reports will be generated using GL Entry doctypes (should be enabled if Period Closing Voucher is not posted for all years sequentially or missing),"Финансовите отчети ще се генерират чрез типове документи за счетоводни записвания (тази опция трябва да бъде активирана, ако документите за приключване на периода не са осчетоводени последователно за всички години или липсват)"
Find '{0}' in ...,Намери „{0}“ в...
Finished At,Завършено в
Finished Good BOM,Списък на компонентите за готовите изделия
Finished Good Item,Готова стока
Finished Good Item Qty,Брой готови изделия
Finished Good Item Quantity,Бройка на готовите изделия
Finished Good Item is not specified for service item {0},За услугата {0} не е посочен артикул на готовата продукция
Finished Good Item {0} Qty can not be zero,Готова стока {0} – количеството не може да бъде нула
Finished Good Item {0} must be a sub-contracted item,Готовият продукт {0} трябва да бъде изработен от подизпълнител
Finished Good Qty,Брой готови изделия
Finished Good Quantity,Количество на готовата продукция
Finished Good UOM,Единица мярка за готовата продукция
Finished Good {0} does not have a default BOM.,Готовият продукт {0} няма стандартна спецификация.
Finished Good {0} is disabled.,Функцията „Готова продукция {0}“ е деактивирана.
Finished Good {0} must be a stock item.,Готовият продукт {0} трябва да е на склад.
Finished Good {0} must be a sub-contracted item.,Готовият продукт {0} трябва да бъде изработен от подизпълнител.
Finished Goods Based Operating Cost,Оперативни разходи на базата на готовата продукция
Finished Goods Item,Артикул на готовата продукция
Finished Goods Reference,Справочник за готова продукция
Finished Goods Value,Стойност на готовата продукция
Finished Goods based Operating Cost,"Оперативни разходи, свързани с готовите продукти"
Finished Item {0} does not match with Work Order {1},Готовият артикул {0} не съответства на производствената поръчка {1}
First Day of the Week,Първият ден от седмицата
First Response Due,Краен срок за първоначален отговор
First Response SLA Failed by {},Нарушение на SLA от First Response от {}
Fiscal Year Details,Подробности за финансовата година
Fit,Подходящ
Fix SABB Entry,Фиксиран запис в SABB
Fixed Asset Defaults,Настройки по подразбиране за дълготрайни активи
Fixed Asset Turnover Ratio,Коефициент на оборот на дълготрайните активи
Fixed Outgoing Email Account,Поправен акаунт за изходяща поща
Fixed Time,Фиксирано време
Floor,Етаж
Floor Name,Име на етажа
Folder Name,Име на папката
Folio,Лист
Following Report Filters have missing values:,Следните филтри за отчети съдържат липсващи стойности:
Following fields have invalid values:,Следните полета съдържат невалидни стойности:
Following fields have missing values,В следните полета липсват стойности
Following links are broken in the email content: {0},Следните връзки в текста на имейла не работят: {0}
"Footer ""Powered By""",Подзаглавие „Разработено от“
Footer Based On,"Долна част на страницата, базирана на"
Footer Content,Съдържание в долната част на страницата
Footer Details,Подробности в долната част на страницата
Footer HTML set from attachment {0},HTML код за долния колонтитул от прикачения файл {0}
Footer Image,Изображение в долната част на страницата
Footer Script,Скрипт за долния колонтитул
Footer might not be visible as {0} option is disabled</div>,"Долната част на страницата може да не се вижда, тъй като опцията {0} е деактивирана"
For Item,За артикул
For Item {0} cannot be received more than {1} qty against the {2} {3},За артикул {0} не могат да бъдат получени повече от {1} бройки по {2} {3}
For Job Card,За работната карта
For Operation,За работа
For Return Invoices with Stock effect,За фактури за връщане със стоково отражение
For Work Order,За работен ордер
For dunning fee and interest,За такса за напомняне и лихви
For example:,Например:
For item <b>{0}</b>,За артикул B {0}B 
For item {0},За артикул {0}
For more information,За повече информация
For multiple addresses,За няколко адреса
For project {0},За проект {0}
For quantity {0} should not be greater than allowed quantity {1},Количеството {0} не трябва да надвишава допустимото количество {1}
For the item {0},За артикула {0}
For the new {0} to take effect,За да влезе в сила новата {0}
For the {0},За {0}
For the {0},За {0}
Force Re-route to Default View,Принудително пренасочване към изгледа по подразбиране
Force Stop job,Принудително прекратяване на задача
Force Web Capture Mode for Uploads,Задължително използване на режим за улавяне на уеб съдържание при качване
Force-Fetch Subscription Updates,Абонаментни актуализации чрез Force-Fetch
Forecast,Прогноза
Form,Форма
Form Builder,Конструктор на формуляри
Form Dict,Форма „Речник“
Form Tour,Обиколка на формуляра
Form Tour Step,Стъпка от обиколката
Formula Based Criteria,"Критерии, основани на формули"
Frappe Blog,Блог „Frappe“
Frappe Forum,Форум за удари
Frappe Light,Леко натискане
Frappe School,Училище „Фрапе“
Frappe Support,Ударна опора
Free,Безплатно
Free Item Rate,Процент на безплатните артикули
From Attach Field,От полето „Прикачи“
From Corrective Job Card,От картата за корективни дейности
From Date and To Date are mandatory,Полетата „От дата“ и „До дата“ са задължителни
From Date is mandatory,Полето „От“ е задължително
From Date: {0} cannot be greater than To date: {1},Началната дата: {0} не може да бъде по-късна от крайната дата: {1}
From Delivery Date,От датата на доставка
From Doctype,От Doctype
From Due Date,От датата на падежа
From Employee is required while issuing Asset {0},При издаването на актив {0} се изисква данни за служителя
From Field,От терена
From Opportunity,От „Оpportunity“
From Payment Date,От датата на плащане
From Prospect,От Prospect
From Reference Date,От референтната дата
From Voucher Detail No,От номер на ваучера
From Voucher No,От ваучер №
From Voucher Type,От тип ваучер
From and To dates are required,Задължително е да се посочат началната и крайната дата
From version,От версия
Full Name,Пълно име
Full Screen,Пълен екран
Full and Final Statement,Окончателно изявление
Function {0} is not whitelisted.,Функцията {0} не е включена в белия списък.
Further sub-groups can only be created under records marked as 'Group',"Допълнителни подгрупи могат да се създават само под записи, маркирани като „Група“"
Future date is not allowed,Не е позволено да се въвежда бъдеща дата
G - D,Резултат – Равенство
GENERAL LEDGER,ГЛАВНА КНИГА
GET,ВЗЕМИ
GL Balance,GL Баланс
GL Entry Processing Status,Статус на обработката на записите в GL
GL reposting index,Индекс на препубликуваните публикации в GL
GNU Affero General Public License,Обща публична лицензия GNU Affero
GNU General Public License,Обща публична лицензия на GNU
GS1,Глобален стандарт 1
GTIN,Глобален номер на стоката
Gain/Loss accumulated in foreign currency account. Accounts with '0' balance in either Base or Account currency,Натрупана печалба/загуба по сметката в чуждестранна валута. Сметки със салдо „0“ в основната валута или във валутата на сметката
Gain/Loss already booked,Вече отчетена печалба/загуба
Gain/Loss from Revaluation,Печалба/загуба от преоценка
Gantt View,Изглед на Гант
General and Payment Ledger Comparison,Сравнение между главната книга и счетоводната книга за плащанията
General and Payment Ledger mismatch,Несъответствие между главната книга и счетоводната книга за плащанията
Generate Closing Stock Balance,Изчисляване на крайното салдо на запасите
Generate Demo Data for Exploration,Генериране на демонстрационни данни за проучване
Generate E-Invoice,Генериране на електронна фактура
Generate Invoice At,Изготви фактура на
Generate Random Password,Генериране на случайна парола
Generate Tracking URL,Генериране на URL за проследяване
Generated,Генерирано
Generating Preview,Генериране на предварителен преглед
Get Allocations,Получете квоти
Get Backup Encryption Key,Получете резервен ключ за криптиране
Get Customer Group Details,Покажи подробности за групата клиенти
Get Finished Goods for Manufacture,Получаване на готова продукция за производство
Get Header and Footer wkhtmltopdf variables,Извличане на променливите за заглавие и подзаглавие в wkhtmltopdf
Get OpenID Configuration,Изтегли конфигурацията за OpenID
Get Outstanding Orders,Изтегли неизпълнени поръчки
Get PDF,Изтегли PDF
Get Raw Materials Cost from Consumption Entry,Извличане на разходите за суровини от записите за потребление
Get Raw Materials for Purchase,Закупете суровини
Get Raw Materials for Transfer,Вземи суровини за прехвърляне
Get Scrap Items,Вземи отпадъчни материали
Get Stock,Провери наличността
Get Sub Assembly Items,Изтегли елементи от подсглобки
Get Supplier Group Details,Виж подробности за групата доставчици
Get Timesheets,Изтегли отчети за отработеното време
Get a preview of generated names with a series.,Вижте предварителна визуализация на генерираните имена чрез поредица.
Get more insights with,Получете повече информация с
Get notified when an email is received on any of the documents assigned to you.,"Получавайте известие при получаване на имейл по някой от документите, които са Ви възложени."
Get stops from,Получавайте сигнали за спиране от
Getting Scrap Items,Събиране на отпадъчни материали
Give free item for every N quantity,Подарък за всеки N-ти артикул
Go back,Назад
Go to Login Required field,"Премини към полето, за което се изисква вход"
Go to Notification Settings List,Отиди към списъка с настройки за известия
Go to Workflow,Премини към работния поток
Go to Workspace,Отиди в работната среда
Go to this URL after completing the form,"Отидете на този URL адрес, след като попълните формуляра"
Goods,Стоки
Google Analytics anonymise IP,Google Analytics анонимизира IP адресите
Google Calendar - Contact / email not found. Did not add attendee for -<br>{0},Google Календар – Контактът/имейлът не беше намерен. Не беше добавен участник за – {0}
Google Calendar - Could not find Calendar for {0},Google Календар – Не беше открит календар за {0}
Google Drive Picker,Избор на файлове от Google Drive
Google Drive Picker Enabled,Активиран е изборът на файлове в Google Drive
Google Meet Link,Връзка към Google Meet
Grand Total (Transaction Currency),Обща сума (валута на транзакцията)
Grant Commission,Комисия за отпускане на безвъзмездни средства
Graph,Графика
Gray,Сиво
Greater Than,По-голям от
Greater Than Or Equal To,По-голямо или равно на
Greeting Message,Поздравително съобщение
Grid Empty State,Състояние на празната таблица
Grid Page Length,Дължина на страницата в таблицата
Grid Shortcuts,Бързи команди в таблицата
Gross Profit Percent,Процент на брутната печалба
Gross Profit Ratio,Коефициент на брутната печалба
Gross Purchase Amount Too Low: {0} cannot be depreciated over {1} cycles with a frequency of {2} depreciations.,Брутната стойност на покупката е твърде ниска: {0} не може да бъде амортизирано за {1} цикъла с честота {2} амортизации.
Gross Purchase Amount should be <b>equal</b> to purchase amount of one single Asset.,Брутната стойност на покупката трябва да B е равнаB  на стойността на покупката на един-единствен актив.
Group Object Class,Клас на групови обекти
Group Same Items,Групирай еднакви елементи
Grouped by <span style='font-weight:600;'>{0}</b>,Групирани по <span style='font-weight:600;'>{0}
Growth View,Изглед „Растеж“
H - F,H - F
HEAD,ЗАГЛАВИЕ
Handle Employee Advances,Обработка на авансови плащания към служители
Handled Emails,Обработени имейли
Has Alternative Item,Има алтернативен елемент
Has Corrective Cost,Има разходи за поправки
Has Item Scanned,Артикулът е сканиран
Has Next Condition,Има следващо условие
Has Priority,Има приоритет
Has Setup Wizard,Има помощник за настройка
Has Unit Price Items,Има артикули с единична цена
Have Default Naming Series for Batch ID?,Да има ли стандартна серия от имена за идентификационните номера на партидите?
Header Script,Скрипт за заглавната част
Header,Заглавие
Header/Footer scripts can be used to add dynamic behaviours.,Скриптовете за заглавие/подзаглавие могат да се използват за добавяне на динамични функции.
Headers must be a dictionary,Заглавията трябва да са под формата на речник
Height (cm),Височина (см)
Hello,Здравейте
Hello,Здравейте
Help: To link to another record in the system,Помощ: Как да създадете връзка към друг запис в системата
Helpful,Полезно
Helps you distribute the Budget/Target across months if you have seasonality in your business.,"Помага ви да разпределите бюджета/целта по месеци, ако вашият бизнес е подложен на сезонни колебания."
Helvetica Neue,Helvetica Neue
Here are the error logs for the aforementioned failed depreciation entries: {0},Ето логовете за грешките при споменатите по-горе неуспешни записи за амортизация: {0}
Here are the options to proceed:,Ето какви са възможностите за действие:
Here's your tracking URL,Ето вашият URL за проследяване
Here,Тук
Here,Тук
Hi,Здравейте
Hidden Fields,Скрити полета
Hidden columns include: {0},Скритите колони включват: {0}
Hide Buttons,Скриване на бутоните
Hide Descendants,Скрий подчинените елементи
Hide Error,Скрий грешката
Hide Images,Скрий изображенията
Hide Preview,Скрий предварителния преглед
Hide Previous,Скрий предишното
Hide Saved,Скрий запазените
Hide Sidebar,Скрий страничната лента
Hide Tags,Скрий етикетите
Hide Workspace,Скриване на работната среда
Hide descendant records of <b>For Value</b>.,Скрий записите на подредовете на B „For Value“B .
Hide footer signup,Скриване на формата за регистрация в долната част на страницата
Hide timesheets,Скриване на отчетите за отработеното време
Holiday Date {0} added multiple times,Датата на почивката {0} е добавена няколко пъти
Hourly Maintenance,Часова поддръжка
Hours Spent,Прекарани часове
How often should Project be updated of Total Purchase Cost ?,Колко често трябва да се актуализира проектът по отношение на общата стойност на покупката?
I - J,I - J
I - K,I – К
ID (name),ИД (име)
IDs must contain only alphanumeric characters,Идентификаторите трябва да съдържат само буквено-цифрови символи
IMAP Details,Подробности за IMAP
IMAP Folder,IMAP папка
ISBN,ISBN
ISBN-10,ISBN-10
ISBN-13,ISBN-13
ISSN,Международен стандартен сериен номер
Idle,В режим на готовност
If <b>Enabled</b> - Reconciliation happens on the <b>Advance Payment posting date</b><br>|||If <b>Disabled</b> - Reconciliation happens on oldest of 2 Dates: <b>Invoice Date</b> or the <b>Advance Payment posting date</b><br>|||,Ако е B АктивираноB  – Сравняването се извършва на B датата на осчетоводяване на авансовото плащанеB  |||Ако е B ДеактивираноB  – Сравняването се извършва на по-ранната от двете дати: B датата на фактуратаB  или B датата на осчетоводяване на авансовото плащанеB  |||
If an operation is divided into sub operations,Ако дадена операция е разделена на по-малки операции
If checked,Ако е отбелязано
If checked,Ако е отбелязано
If checked,Ако е отбелязано
If checked,Ако е отбелязано
If checked,Ако е отбелязано
If checked,Ако е отбелязано
If enabled then system won't apply the pricing rule on the delivery note which will be create from the pick list,"Ако тази опция е активирана, системата няма да приложи правилото за ценообразуване към складовата разписка, която ще бъде създадена въз основа на списъка за събиране"
If enabled then system won't override the picked qty / batches / serial numbers / warehouse.,"Ако тази опция е активирана, системата няма да променя избраните количества, партиди, серийни номера и склад."
If enabled,Ако е активирана
If enabled,Ако е активирана
If enabled,Ако е активирана
If enabled,Ако е активирана
If enabled,Ако е активирана
If enabled,Ако е активирана
If enabled,Ако е активирана
If enabled,Ако е активирана
If enabled,Ако е активирана
If enabled,Ако е активирана
If enabled,Ако е активирана
If enabled,Ако е активирана
If enabled,Ако е активирана
If enabled,Ако е активирана
If enabled,Ако е активирана
If enabled,Ако е активирана
If it's empty,Ако е празно
If left empty,Ако остане празно
If mentioned,ако се спомене
If no taxes are set,Ако не са определени данъци
If not,Ако не
"If rate is zero then item will be treated as ""Free Item""","Ако цената е нула, артикулът ще се третира като „безплатен артикул“"
If set,Ако е зададено
If set,Ако е зададено
If the BOM results in Scrap material,Ако списъкът с компонентите води до отпадъчен материал
If the selected BOM has Operations mentioned in it,Ако в избраната спецификация са посочени операции
If the user enables the mask property for the phone number field,Ако потребителят активира опцията за маска за полето за телефонен номер
If the user has access to Employee and Report is enabled,Ако потребителят има достъп до модула „Служители“ и функцията „Отчет“ е активирана
If there is no title column,Ако няма колона „Заглавие“
If this checkbox is enabled,Ако тази опция е маркирана
If this is undesirable please cancel the corresponding Payment Entry.,"Ако това не е желателно, моля, анулирайте съответния платежен запис."
If this was a mistake or you need access again,Ако това е било грешка или имате нужда от достъп отново
If unchecked,Ако не е отбелязано
If yes,Ако да
If you are maintaining stock of this Item in your Inventory,Ако поддържате наличност от този артикул в склада си
If you have any questions,Ако имате въпроси
If you have recently restored the site you may need to copy the site config contaning original Encryption Key.,"Ако наскоро сте възстановили сайта, може да се наложи да копирате конфигурационния файл на сайта, съдържащ оригиналния ключ за криптиране."
If you just want to customize for your site,Ако просто искате да персонализирате сайта си
If you need to reconcile particular transactions against each other,Ако трябва да съпоставите определени транзакции една с друга
If you still want to proceed,Ако все пак искате да продължите
If you still want to proceed,Ако все пак искате да продължите
If your CSV uses a different delimiter,Ако във вашия CSV файл се използва друг разделител
Ignore Account Closing Balance,Да се пренебрегне крайното салдо по сметката
Ignore Available Stock,Пренебрегни наличните количества
Ignore Closing Balance,Пренебрегни крайното салдо
Ignore Default Payment Terms Template,Пренебрегване на шаблона за стандартни условия за плащане
Ignore Empty Stock,Пренебрегни празните складови наличности
Ignore Exchange Rate Revaluation and Gain / Loss Journals,Пренебрегване на преоценката на валутния курс и дневниците за печалби/загуби
Ignore Is Opening check for reporting,Пренебрегване на проверката за отваряне за отчитане
Ignore Pricing Rule is enabled. Cannot apply coupon code.,Активирано е правилото за игнориране на цените. Не е възможно да се приложи кодът на купона.
Ignore System Generated Credit / Debit Notes,Пренебрегване на генерираните от системата кредитни/дебитни известия
Ignore Voucher Type filter and Select Vouchers Manually,Пренебрегнете филтъра „Тип ваучер“ и изберете ваучерите ръчно
Ignores legacy Is Opening field in GL Entry that allows adding opening balance post the system is in use while generating reports,"Пренебрегва старите данни в полето „Начален баланс“ на счетоводната статия, което позволява добавянето на начален баланс след пускането на системата в експлоатация при генерирането на отчети"
Illegal template,Незаконен шаблон
Image Height,Височина на изображението
Image Width,Ширина на изображението
Image in the description has been removed. To disable this behavior,Изображението в описанието е премахнато. За да деактивирате тази функция
Image link '{0}' is not valid,Връзката към изображението „{0}“ е невалидна
Image optimized,Оптимизирано изображение
Image: Corrupted Data Stream,Изображение: Повреден поток от данни
Impairment,Обезценка
Impersonate,Да се представя за
Impersonate as {0},Да се представи за {0}
Impersonated by {0},В ролята на {0}
Impersonating {0},Използване на чужда самоличност {0}
Implement `clear_old_logs` method to enable auto error clearing.,"Имплементирайте метода `clear_old_logs`, за да активирате автоматичното изчистване на грешките."
Import Genericode File,Импортиране на файл с генеричен код
Import Using CSV file,Импортиране чрез CSV файл
Import completed. {0} common codes created.,Импортирането приключи. Създадени са {0} общи кода.
Import timed out,Времето за импортиране изтече
Importing Common Codes,Импортиране на общи кодове
Importing {0} is not allowed.,Вносът на {0} е забранен.
In House,Вътрешно
In List Filter,Филтър в списъка
In Minutes,В протокола
In Party Currency,В партийната валута
In Read Only Mode,В режим „Само за четене“
In Transit Transfer,Прехвърляне по време на превоз
In Transit Warehouse,Транзитен склад
In mins,В минути
"In row {0} of Appointment Booking Slots: ""To Time"" must be later than ""From Time"".",В ред {0} на „Слотове за запазване на час“: „До час“ трябва да е по-късно от „От час“.
In this section,В тази секция
Inactive Status,Статус „Неактивен“
Inbox View,Изглед на входящата поща
Include Account Currency,Включване на валутата на сметката
Include Closed Orders,Включи приключените поръчки
Include Default FB Assets,Включване на стандартните ресурси на Facebook
Include Disabled,Включване на хора с увреждания
Include Expired Batches,Включване на изтекли партиди
Include Name Field,Включване на полето „Име“
Include Returned Invoices (Stand-alone),Включване на върнати фактури (самостоятелно)
Include Safety Stock in Required Qty Calculation,Включване на резервния запас в изчислението на необходимото количество
Include Timesheets in Draft Status,Включване на табелите за отчитане на работното време със статус „Чернова“
Include Zero Stock Items,Включване на артикули без наличност
Include filters,Включване на филтри
Include hidden columns,Включване на скрити колони
Included Fee,Включена такса
Included fee is bigger than the withdrawal itself.,Таксата е по-висока от самата сума на тегленето.
Incoming (POP/IMAP) Settings,Настройки за получаване (POP/IMAP)
Incoming Call Handling Schedule,График за обработка на входящи повиквания
Incoming Call Settings,Настройки за входящи повиквания
Incoming Emails (Last 7 days),Получени имейли (последните 7 дни)
Incoming Rate (Costing),Цена на входящите доставки (оценка на разходите)
Incoming Server,Входящ сървър
Incoming Settings,Настройки за входящи съобщения
Incompatible Setting Detected,Открита е несъвместима настройка
Incomplete Virtual Doctype Implementation,Непълна реализация на виртуалния Doctype
Incorrect Account,Неправилен акаунт
Incorrect Balance Qty After Transaction,Неправилно количество в салдото след транзакцията
Incorrect Batch Consumed,Използвана е неправилна партида
Incorrect Check in (group) Warehouse for Reorder,Неправилно регистриране (група) в склада за повторна поръчка
Incorrect Company,Неправилно име на фирмата
Incorrect Component Quantity,Неправилно количество компоненти
Incorrect Invoice,Неправилна фактура
Incorrect Payment Type,Неправилен начин на плащане
Incorrect Reference Document (Purchase Receipt Item),Неправилен референтен документ (позиция от касовата бележка)
Incorrect Serial No Valuation,Неправилна оценка на серийния номер
Incorrect Serial Number Consumed,Използван невалиден сериен номер
Incorrect Serial and Batch Bundle,Неправилен сериен номер и партиден номер
Incorrect Stock Value Report,Доклад за неточна стойност на запасите
Incorrect Type of Transaction,Неправилен тип транзакция
Incorrect value in row {0}:,Неправилна стойност в ред {0}:
Incorrect value:,Неправилна стойност:
Incoterm,Инкотермс
Increase In Asset Life(Months),Удължаване на експлоатационния срок на активите (в месеци)
Indent,Отстъп
Index created successfully on column {0} of doctype {1},Индексът беше създаден успешно в колона {0} на типа документ {1}
Indexing authorization code,Код за разрешение за индексиране
Indexing refresh token,Индексиране на токен за обновяване
Indicator color,Цвят на индикатора
Indirect Expense,Непреки разходи
Individual GL Entry cannot be cancelled.,Отделен счетоводен запис не може да бъде отменен.
Individual Stock Ledger Entry cannot be cancelled.,Отделен запис в главната книга за запасите не може да бъде отменен.
Initialize Summary Table,Инициализиране на обобщителната таблица
Insert Image in Markdown,Вмъкване на изображение в Markdown
Inspection Rejected,Проверката е отхвърлена
Inspection Submission,Подаване на заявка за инспекция
Instagram,Instagram
Install {0} from Marketplace,Инсталирайте {0} от Marketplace
Installed Apps,Инсталирани приложения
Instruction,Инструкция
Insufficient Capacity,Недостатъчен капацитет
Insufficient Permission Level for {0},Недостатъчно ниво на разрешение за {0}
Insufficient Permissions for deleting Report,Недостатъчни права за изтриване на отчета
Insufficient Permissions for editing Report,Недостатъчни права за редактиране на отчета
Insufficient Stock for Batch,Недостатъчни наличности за партидата
Insufficient Stock for Product Bundle Items,Недостатъчни наличности за артикулите в продуктовия пакет
Insufficient attachment limit,Недостатъчен лимит за прикачване
Inter,между
Inter Company Purchase Order,Междуфирмена поръчка за доставка
Inter Company Sales Order,Поръчка за продажби между фирми
Inter Transfer Reference,Референтен номер на трансфер между клубове
Interest and/or dunning fee,Лихви и/или такса за просрочване
Internal Customer,Вътрешен клиент
Internal Customer for company {0} already exists,Вече съществува вътрешен клиент за компания {0}
Internal Purchase Order,Вътрешна поръчка за доставка
Internal Sale or Delivery Reference missing.,Липсва вътрешен номер на продажбата или доставката.
Internal Sales Order,Вътрешна поръчка за продажба
Internal Sales Reference Missing,Липсва вътрешен референтен номер на продажбата
Internal Supplier,Вътрешен доставчик
Internal Supplier for company {0} already exists,Вече съществува вътрешен доставчик за компания {0}
Internal Transfer Reference Missing,Липсва препратка към вътрешен трансфер
Internal Transfers,Вътрешни прехвърляния
Internal transfers can only be done in company's default currency,Вътрешните преводи могат да се извършват само във валутата по подразбиране на компанията
Interval should be between 1 to 59 MInutes,Интервалът трябва да е между 1 и 59 минути
Intro,Въведение
Intro Video URL,URL на въвеждащото видео
Introspection URI,Интроспекция URI
"Invalid ""mandatory_depends_on"" expression",Невалидно изражение „mandatory_depends_on“
Invalid Action,Невалидно действие
Invalid Allocated Amount,Невалидна разпределена сума
Invalid Amount,Невалидна сума
Invalid Auto Repeat Date,Невалидна дата за автоматично повторение
Invalid Code. Please try again.,"Невалиден код. Моля, опитайте отново."
Invalid Condition: {},Невалидно състояние: {}
Invalid Cost Center,Невалиден разходен център
Invalid Credentials for Email Account: {0},Невалидни данни за вход за имейл акаунта: {0}
Invalid Delivery Date,Невалидна дата на доставка
Invalid Discount,Невалидна отстъпка
Invalid Discount Amount,Невалидна сума на отстъпката
Invalid DocType,Невалиден DocType
Invalid DocType: {0},Невалиден DocType: {0}
Invalid Doctype,Невалиден Doctype
Invalid Document,Невалиден документ
Invalid Document Type,Невалиден тип документ
Invalid Fieldname,Невалидно име на поле
Invalid File URL,Невалиден URL адрес на файла
Invalid Filter Format for field {0} of type {1}. Try using filter icon on the field to set it correctly,"Невалиден формат на филтъра за поле {0} от тип {1}. Опитайте да използвате иконата за филтриране в полето, за да го настроите правилно"
Invalid Formula,Невалидна формула
Invalid Group By,Невалидно групиране
Invalid Item Defaults,Невалидни стойности по подразбиране
Invalid Ledger Entries,Невалидни записи в главната книга
Invalid Naming Series: {},Невалидна серия имена: {}
Invalid Operation,Невалидна операция
Invalid Outgoing Mail Server or Port: {0},Невалиден сървър или порт за изходяща поща: {0}
Invalid Parameters.,Невалидни параметри.
Invalid Phone Number,Невалиден телефонен номер
Invalid Primary Role,Невалидна основна роля
Invalid Priority,Невалиден приоритет
Invalid Process Loss Configuration,Невалидна конфигурация на загубите при обработката
Invalid Purchase Invoice,Невалидна фактура за покупка
Invalid Qty,Невалидно количество
Invalid Schedule,Невалиден график
Invalid Serial and Batch Bundle,Невалиден сериен номер и партиден номер
Invalid Source and Target Warehouse,Невалидни изходен и целеви склад
Invalid Table Fieldname,Невалидно име на поле в таблицата
Invalid Transition,Невалиден преход
Invalid Values,Невалидни стойности
Invalid Warehouse,Невалиден склад
Invalid Webhook Secret,Невалиден секретен ключ за уебхук
Invalid aggregate function,Невалидна агрегатната функция
Invalid amount in accounting entries of {} {} for Account {}: {},Невалидна сума в счетоводните записи на {} {} за сметка {}: {}
Invalid app,Невалидно приложение
Invalid docstatus,Невалиден статус на документа
Invalid field for grouping,Невалидно поле за групиране
Invalid input,Невалиден вход
Invalid key,Невалиден ключ
Invalid name type (integer) for varchar name column,Невалиден тип име (цяло число) за колона с име от тип varchar
Invalid naming series {}: dot (.) missing,Невалидна серия от имена {}: липсва точка (.)
Invalid naming series {}: dot (.) missing before the numeric placeholders. Kindly use a format like <b>ABCD.#####</b>.,"Невалидна серия от имена {}: липсва точка (.) пред числовите заместители. Моля, използвайте формат от типа B ABCD.#####B ."
Invalid parameter. 'dn' should be of type str,Невалиден параметър. 'dn' трябва да е от тип str
Invalid redirect regex in row #{}: {},Невалиден регуларен израз за пренасочване в ред #{}: {}
Invalid request arguments,Невалидни аргументи на заявката
Invalid result key. Response:,Невалиден ключ за резултата. Отговор:
Invalid role,Невалидна роля
Invalid token state! Check if the token has been created by the OAuth user.,Невалидно състояние на токена! Проверете дали токенът е създаден от потребителя на OAuth.
Invalid value {0} for {1} against account {2},Невалидна стойност {0} за {1} по сметка {2}
Invalid values for fields:,Невалидни стойности за полетата:
Invalid wkhtmltopdf version,Невалидна версия на wkhtmltopdf
Inventory Dimension,Размер на запасите
Inventory Dimension Negative Stock,Инвентарно измерение „Отрицателни наличности“
Inventory Settings,Настройки на инвентара
Inventory Turnover Ratio,Коефициент на оборот на запасите
Invitation already accepted,Поканата вече е приета
Invitation already exists,Поканата вече съществува
Invitation cannot be cancelled,Поканата не може да бъде отменена
Invitation is cancelled,Поканата е отменена
Invitation is expired,Поканата е изтекла
Invitation not found,Поканата не беше намерена
Invitation to join {0} cancelled,Поканата за присъединяване към {0} е отменена
Invitation to join {0} expired,Поканата за присъединяване към {0} изтече
Invited By,По покана на
Invoice Cancellation,Анулиране на фактура
Invoice ID,Номер на фактурата
Invoice Limit,Лимит на фактурата
Invoice Portion (%),Дял на фактурата (%)
Invoice and Billing,Фактури и счетоводство
Invoiced Amount (Excl. Tax),Сума по фактура (без ДДС)
Invoiced Qty,Количество по фактура
Invoices and Payments have been Fetched and Allocated,Фактурите и плащанията са извлечени и разпределени
Invoicing Features,Функции за фактуриране
Is Adjustment Entry,Това е коригираща счетоводна статия
Is Alternative,Алтернатива ли е
Is Calendar and Gantt,Календар и диаграма на Гант
Is Cash or Non Trade Discount,Това отстъпка в брой или не търговска отстъпка ли е?
Is Composite Asset,Дали е съставен актив
Is Corrective Job Card,Това ли е карта за корективни дейности?
Is Corrective Operation,Това е корективна операция
Is Custom,По поръчка
Is Dynamic URL?,Това динамичен URL ли е?
Is Exchange Gain / Loss?,Става ли въпрос за валутна печалба/загуба?
Is Expandable,Може да се разширява
Is Finished Item,Готов продукт
Is Fully Depreciated,Напълно амортизирано
Is Group Warehouse,Това е груповият склад
Is Hidden,Скрито ли е
Is Old Subcontracting Flow,Старият процес на възлагане на подизпълнители
Is Outward,Навън
Is Period Closing Voucher Entry,Въвеждане на разходни документи за приключване на отчетния период
Is Primary Address,Това ли е основният адрес?
Is Query Report,Това е отчет за заявките
Is Rate Adjustment Entry (Debit Note),Това е запис за корекция на курса (дебитна бележка)
Is Recursive,Рекурсивно ли е
Is Rejected,Отхвърлено
Is Rejected Warehouse,Склад за бракувани стоки
Is Remote Request?,Това ли е „Remote Request“?
Is Scrap Item,Това е бракуван артикул
Is Setup Complete?,Настройката приключи ли?
Is Short/Long Year,Кратка/дълга година ли е?
Is Stock Item,Има ли стока на склад
Is System Generated,Генерирано от системата
Is Table Field,Това е поле в таблицата
Is Tax Withholding Account,Сметка за удържани данъци
Is Template,Това е шаблон
Is Virtual,Виртуално ли е
Issue Analytics,Анализ на проблемите
Issue Summary,Обобщение на проблема
Issue a debit note with 0 qty against an existing Sales Invoice,Издайте дебитна бележка с количество 0 въз основа на съществуваща фактура за продажба
It can take upto few hours for accurate stock values to be visible after merging items.,"Може да отнеме до няколко часа, докато точните наличности станат видими след обединяването на артикулите."
It's not possible to distribute charges equally when total amount is zero,"Не е възможно разпределението на сумите да бъде равномерно, когато общата сума е нула"
Item Code (Final Product),Код на артикула (краен продукт)
Item Group wise Discount,Отстъпка по групи продукти
Item Out of Stock,Продуктът е изчерпан
Item Price Added for {0} in Price List {1},Цената на артикула {0} е добавена в ценовата листа {1}
Item Price Settings,Настройки на цените на артикулите
Item Price appears multiple times based on Price List,Цената на артикула се показва няколко пъти в зависимост от ценовата листа
Item Reference,Референтен номер на артикула
Item Warehouse based reposting has been enabled.,Активирано е прехвърлянето на артикули на базата на склада.
Item and Warehouse,Стока и склад
Item is removed since no serial / batch no selected.,"Артикулът е премахнат, тъй като не е избран сериен номер/партиден номер."
Item qty can not be updated as raw materials are already processed.,"Количеството на артикула не може да бъде актуализирано, тъй като суровините вече са преработени."
Item rate has been updated to zero as Allow Zero Valuation Rate is checked for item {0},"Цената на артикула е актуализирана на нула, тъй като за артикул {0} е отбелязана опцията „Разреши нулева цена“"
Item valuation reposting in progress. Report might show incorrect item valuation.,В момента се извършва прехвърляне на оценките на артикулите. В отчета може да се покажат неточни оценки на артикулите.
Item {0} cannot be added as a sub-assembly of itself,Елемент {0} не може да бъде добавен като подкомплект на самия себе си
Item {0} cannot be ordered more than {1} against Blanket Order {2}.,"Артикул {0} не може да бъде поръчан в количество, по-голямо от {1}, по рамковата поръчка {2}."
Item {0} does not exist.,Елемент {0} не съществува.
Item {0} entered multiple times.,Елемент {0} е въведен няколко пъти.
Item {0} is already reserved/delivered against Sales Order {1}.,Артикул {0} вече е резервиран/доставен по поръчка {1}.
Item {0} must be a Non-Stock Item,"Артикул {0} трябва да бъде артикул, който не е на склад"
Item {0} not found in 'Raw Materials Supplied' table in {1} {2},Елемент {0} не е намерен в таблицата „Доставени суровини“ в {1} {2}
Item {0} not found.,Елемент {0} не беше намерен.
Item {} does not exist.,Елементът {} не съществува.
Item/Item Code required to get Item Tax Template.,"Необходим е артикул/код на артикула, за да се извлече шаблона за данъчно облагане на артикула."
Items cannot be updated as Subcontracting Order is created against the Purchase Order {0}.,"Артикулите не могат да бъдат актуализирани, тъй като е създадена поръчка за подизпълнение въз основа на поръчката за доставка {0}."
Items rate has been updated to zero as Allow Zero Valuation Rate is checked for the following items: {0},"Стойността на артикулите е актуализирана на нула, тъй като за следните артикули е отбелязана опцията „Разреши нулева стойност“: {0}"
Items to Be Repost,Елементи за повторно публикуване
Items to Reserve,Продукти за резервиране
Items {0} do not exist in the Item master.,Елементите {0} не съществуват в основния списък с елементи.
JAN,Не
JS Message,JS Съобщение
Jane Doe,Джейн Доу
Job Capacity,Работна мощност
Job Card Operation,Работа с работната карта
Job Card Scheduled Time,Карта на задачите – Планирано време
Job Card Scrap Item,Отпадъчен елемент от работна карта
Job Card and Capacity Planning,Карта на длъжността и планиране на капацитета
Job Cards,Карти за задачи
Job ID,Идентификационен номер на обявата
Job Id,Идентификационен номер на обявата
Job Info,Информация за работата
Job Name,Наименование на длъжността
Job Paused,Задачата е спряна
Job Status,Статус на работата
Job Stopped Successfully,Задачата беше успешно прекратена
Job Worker,Работник
Job Worker Address,Адрес на работника
Job Worker Address Details,Данни за адреса на работника
Job Worker Contact,Контакт с изпълнителя
Job Worker Delivery Note,Складова разписка за подизпълнител
Job Worker Name,Име на работника
Job Worker Warehouse,Работник в склад
Job is in {0} state and can't be cancelled,Задачата е в състояние {0} и не може да бъде отменена
Job is not running.,Задачата не се изпълнява.
Job: {0} has been triggered for processing failed transactions,Задача: {0} е стартирана за обработка на неуспешни транзакции
Join video conference with {0},Присъединете се към видеоконференцията с {0}
Joining,Присъединяване
Journal Entries,Счетоводни записи
Journal Entry for Asset scrapping cannot be cancelled. Please restore the Asset.,"Счетоводната статия за бракуване на актив не може да бъде отменена. Моля, възстановете актива."
Journal Entry type should be set as Depreciation Entry for asset depreciation,Типът на счетоводната статия трябва да бъде зададен като „Операция за амортизация“ за амортизацията на активите
Journal entries have been created,Създадени са счетоводни записи
Journals,Списания
K,К
Kanban Settings,Настройки на Kanban
Kanban View,Изглед „Канбан“
Keycloak,Keycloak
Kh,К
Kindly cancel the Manufacturing Entries first against the work order {0}.,"Моля, първо анулирайте производствените записи по работния ордер {0}."
L,Това
LDAP Auth,LDAP удостоверяване
LDAP Custom Settings,Персонализирани настройки за LDAP
LDAP Group Member attribute,Атрибут „Член на LDAP група“
LDAP Search String must be enclosed in '()' and needs to contian the user placeholder {0},Текстът за търсене в LDAP трябва да бъде поставен в скоби '()' и да съдържа заместващия символ за потребителя {0}
LDAP Search and Paths,Търсене и пътеки в LDAP
LDAP Server Settings,Настройки на LDAP сървъра
LDAP search path for Groups,LDAP път за търсене на групи
LDAP search path for Users,LDAP път за търсене на потребители
LDAP settings incorrect. validation response was: {0},Настройките на LDAP са неправилни. Отговорът от проверката беше: {0}
LIFO,"Последният влязъл, първият излязъл"
Last 10 active users,Последните 10 активни потребители
Last 14 Days,Последните 14 дни
Last 30 Days,Последните 30 дни
Last 6 Months,Последните 6 месеца
Last 7 Days,Последните 7 дни
Last 90 Days,Последните 90 дни
Last GL Entry update was done {}. This operation is not allowed while system is actively being used. Please wait for 5 minutes before retrying.,"Последната актуализация на записите в ГЛ беше извършена {}. Тази операция не е разрешена, докато системата се използва активно. Моля, изчакайте 5 минути, преди да опитате отново."
Last Heartbeat,Последният сърдечен ритъм
Last Reset Password Key Generated On,Последното генериране на ключ за възстановяване на парола е от
Last Scanned Warehouse,Последният сканиран склад
Last transacted,Последна сделка
Layout Reset,Възстановяване на оформлението
Layout will be reset to standard layout,Оформлението ще бъде възстановено към стандартното оформление
Lead -> Prospect,Потенциален клиент -> Клиент
Lead Owner cannot be same as the Lead Email Address,Основният собственик не може да съвпада с основния имейл адрес
Lead {0} has been added to prospect {1}.,Потенциалният клиент {1} е бил добавен към проспекта {0}.
Leads,Потенциални клиенти
"Learn about <a href=""https://docs.erpnext.com/docs/v13/user/manual/en/accounts/articles/common_party_accounting#:~:text=Common%20Party%20Accounting%20in%20ERPNext","Научете повече за <a href=""https://docs.erpnext.com/docs/v13/user/manual/en/accounts/articles/common_party_accounting#:~:text=Общо счетоводство на партии в ERPNext"
Learn more,Научете повече
Ledger Health,Ledger Health
Ledger Health Monitor,Ledger Health Monitor
Ledger Health Monitor Company,Компания „Ledger Health Monitor“
Ledger Merge,Сливане на Ledger
Ledger Merge Accounts,Обединяване на сметки в главната книга
Ledger Type,Тип счетоводна книга
Left Bottom,В ляво долу
Left Center,Ляво-център
Left Child,Дясното дете
Legacy Fields,Стари полета
Legend,Легенда
Length (cm),Дължина (см)
Length of passed data array is greater than value of maximum allowed label points!,Дължината на масива с предадените данни е по-голяма от максималния брой точки на етикетите!
Less Than,По-малко от
Less Than Or Equal To,По-малко или равно на
Let us continue with the onboarding,Нека продължим с въвеждането
Let's set up your account,Нека създадем профила ви
Letter Head Scripts,Шрифтове за бланки
Letter Head cannot be both disabled and default,Бланката не може да бъде едновременно деактивирана и зададена по подразбиране
Level (BOM),Ниво (BOM)
Library,Библиотека
License Type,Тип лиценз
Light,Светлина
Light Blue,Светлосиньо
Light Theme,Светла тема
Like limit,Харесвам
Like limit per hour,Максимален брой на час
Like on {0}: {1},Харесвания: {1}
Liked by me,Харесва ми
Limit timeslot for Stock Reposting,Ограничение на времевия интервал за повторно публикуване на наличности
Limits don't apply on,Ограниченията не важат за
Link Count,Брой линкове
Link Details,Подробности за линка
Link Field Results Limit,Връзка Поле Резултати Ограничение
Link Filters,Филтри за връзки
Link To in Row,Връзка към елемента в същия ред
Link Type,Тип на връзката
Link Type in Row,Тип на връзката в реда
Link a new bank account,Добавете нова банкова сметка
"Link for About Us Page is ""/about"".",Връзката към страницата „За нас“ е „/about“.
Link that is the website home page. Standard Links (home,Връзка към началната страница на уебсайта. Стандартни връзки (начална
Link with Customer,Връзка с клиента
Link with Supplier,Връзка с доставчика
Linked with submitted documents,Свързано с подадените документи
Linking Failed,Връзката не успя
Linking to Customer Failed. Please try again.,"Свързването с клиента се провали. Моля, опитайте отново."
Linking to Supplier Failed. Please try again.,"Връзката с доставчика се провали. Моля, опитайте отново."
Liquidity Ratios,Коефициенти на ликвидност
List / Search Settings,Настройки за списък/търсене
List Columns,Списък на колоните
List View,Изглед на списък
List setting message,Съобщение за настройка на списъка
Lists,Списъци
Load More Communications,Покажи още съобщения
Load more,Зареждане на още
Loading Invoices! Please Wait...,"Зареждане на фактури! Моля, изчакайте..."
Loading user profile,Зареждане на потребителския профил
Loading versions...,Зареждане на версии...
Locked,Заключено
Log API Requests,Записване на заявки към API
Log DocType,Записване на DocType
Log Entries,Записи в дневника
Log In To {0},Влезте в {0}
Log Index,Регистър на дневника
Log out,Излез
Log the selling and buying rate of an Item,Записване на курса на продажба и покупка на даден артикул
Login Failed please try again,"Влизането не успя, моля, опитайте отново"
Login Methods,Начини за вход
Login Page,Страница за вход
Login To {0},Влезте в {0}
Login is required to see web form list view. Enable {0} to see list settings,"Необходимо е да влезете в системата, за да видите списъка с уеб формуляри. Активирайте {0}, за да видите настройките на списъка"
Login link sent to your email,"Връзка за вход, изпратена на вашия имейл адрес"
Login required,Необходимо е да влезете в системата
Login to start a new discussion,"Влезте, за да започнете нова дискусия"
Login to {0},Влезте в {0}
Login with Email Link,Вход чрез линк за имейл
Login with Frappe Cloud,Влезте с Frappe Cloud
Login with email link,Вход чрез линк в имейла
Login with email link expiry (in minutes),Време до изтичане на валидността на линка за вход с имейл (в минути)
Login with username and password is not allowed.,Влизането с потребителско име и парола не е разрешено.
Login with {0},Влезте с {0}
Logs To Clear,Дървета за изсичане
Logs to Clear,Дървета за изсичане
Looks like you haven’t added any third party apps.,"Изглежда, че не сте добавили никакви приложения на трети страни."
Looks like you haven’t received any notifications.,"Изглежда, че не сте получили никакви известия."
Lost Quotations,Изгубени цитати
Lost Quotations %,Пропуснати цитати %
Lost Reasons are required in case opportunity is Lost.,При загуба на възможност е необходимо да се посочат причините за това.
Lost Value,Загубена стойност
Lost Value %,Загуба на стойност (%)
Loving Frappe Framework?,Харесвате Frappe Framework?
M,"Съжалявам, но не мога да ти помогна с това."
MAT-SCR-.YYYY.-,MAT-SCR-.YYYY.-
MAT-SCR-RET-.YYYY.-,MAT-SCR-RET-.YYYY.-
MIT License,Лиценз на MIT
Machine Type,Тип машина
Main Cost Center,Основен разходен център
Main Cost Center {0} cannot be entered in the child table,Основният център на разходи {0} не може да бъде въведен в подчинената таблица
Maintain Asset,Поддръжка на активи
Maintain Same Rate Throughout Internal Transaction,Запазване на една и съща ставка при вътрешни транзакции
Maintenance Details,Подробности за поддръжката
Major,Майор
Make Asset Movement,Извърши преместване на активи
Make Attachment Public (by default),Направи прикачения файл публичен (по подразбиране)
Make Attachments Public by Default,Настрой прикачените файлове да са публични по подразбиране
Make Quotation,Изгответе оферта
Make Return Entry,Въведете данни за връщане
Make Serial No / Batch from Work Order,Създаване на сериен номер/партида въз основа на производствена поръчка
Make sure to configure a Social Login Key before disabling to prevent lockout,"Не забравяйте да настроите ключ за вход чрез социални мрежи, преди да деактивирате функцията, за да избегнете блокиране на достъпа"
Make {0} Variant,Създай вариант {0}
Make {0} Variants,Създай {0} варианта
Making Journal Entries against advance accounts: {0} is not recommended. These Journals won't be available for Reconciliation.,Не се препоръчва да се правят счетоводни записвания по авансови сметки: {0}. Тези записвания няма да бъдат достъпни за съгласуване.
Manage,Управление
Manage third party apps,Управление на приложения на трети страни
Manage your apps,Управление на приложенията
Mandatory Accounting Dimension,Задължително счетоводно измерение
Mandatory Depends On (JS),Задължително зависи от (JS)
Mandatory Field,Задължително поле
Mandatory Section,Задължителна секция
Mandatory fields required:,Задължителни полета:
Manual Inspection,Ръчна проверка
Manufacturing Type,Вид производство
Map,Карта
Map View,Изглед на картата
Mapping Subcontracting Order ...,Изготвяне на поръчка за подизпълнение ...
Mapping {0} ...,Изграждане на карта {0} ...
Margin Bottom,Долна граница
Margin Left,Отстъп отляво
Margin Right,Поле отдясно
Margin Top,Горна част на полето
Margin View,Изглед на маржа
MariaDB Variables,Променливи на MariaDB
Mark As Closed,Маркирай като приключено
Mark all as read,Маркирай всичко като прочетено
Marketing Campaign,Маркетингова кампания
Material Returned from WIP,"Материал, върнат от незавършената продукция"
Material Transfer (In Transit),Прехвърляне на материали (по време на транспортиране)
Materials are already received against the {0} {1},Материалите вече са получени по {0} {1}
Materials needs to be transferred to the work in progress warehouse for the job card {0},Материалите трябва да бъдат преместени в склада за незавършена продукция за производствената карта {0}
Max File Size (MB),Максимален размер на файла (МБ)
Max Height,Максимална височина
Max Qty (As Per Stock UOM),Максимално количество (съгласно единицата за измерване на наличността)
Max Report Rows,Максимален брой редове в отчета
Max attachment size,Максимален размер на прикачения файл
Max auto email report per user,Максимален брой автоматични имейли на потребител
Max signups allowed per hour,Максимален брой регистрации на час
Maximum Attachment Limit of {0} has been reached for {1} {2}.,Достигнат е максималният лимит от {0} прикачени файла за {1} {2}.
Maximum Net Rate,Максимална нетна ставка
Maximum Payment Amount,Максимална сума на плащането
Maximum Value,Максимална стойност
Maximum attachment limit of {0} has been reached.,Достигнат е максималният лимит от {0} прикачени файла.
Maximum quantity scanned for item {0}.,Достигнато е максималното количество за артикул {0}.
Maybe,Може би
Meaning of Different Permission Types,Значение на различните видове разрешения
Meets Condition?,Отговаря ли на условието?
Memory Usage,Използване на паметта
Memory Usage in MB,Използване на паметта в МБ
Mention if non-standard Receivable account,"Посочете, ако сметката за вземания е нестандартна"
Merge Invoices Based On,Обединяване на фактури въз основа на
Merge Progress,Напредък при обединяването
Merge Similar Account Heads,Обединяване на сходни позиции в счетоводния баланс
Merge taxes from multiple documents,Обединяване на данъците от няколко документа
Merged,Обединени
Merging is only possible if following properties are same in both records. Is Group,Обединяването е възможно само ако следните свойства са еднакви и в двата записа. Is Group
Merging {0} of {1},Обединяване на {0} от {1}
Message Type,Тип съобщение
Message to be displayed on successful completion,"Съобщение, което ще се покаже при успешно завършване"
Messages,Съобщения
Meta,Когато
Meta description,Мета описание
Meta image,Мета изображение
Meta title,Мета заглавие
Method Not Allowed,Методът не е разрешен
Method is required to create a number card,Необходим е метод за създаване на карта с номер
Mid Center,В средата
Min Qty (As Per Stock UOM),Минимално количество (съгласно единицата за измерване на наличността)
Min Qty should be greater than Recurse Over Qty,Минималното количество трябва да е по-голямо от количеството за рекурсия
Minimum Net Rate,Минимална нетна ставка
Minimum Payment Amount,Минимална сума за плащане
Minimum Value,Минимална стойност
Minor,Непълнолетен
Misconfigured,Неправилно конфигуриран
Mismatch,Несъответствие
Missing,Липсва
Missing Asset,Липсващ актив
Missing Cost Center,Липсващ разходен център
Missing Default in Company,Липсваща стойност по подразбиране в компанията
Missing DocType,Липсва DocType
Missing Field,Липсващо поле
Missing Filters Required,Липсват задължителни филтри
Missing Finance Book,Липсваща книга по финанси
Missing Finished Good,Липсваща готова продукция
Missing Formula,Липсваща формула
Missing Item,Липсващ артикул
Missing Items,Липсващи артикули
Missing Parameter,Липсващ параметър
Missing Payments App,Приложение за пропуснати плащания
Missing Permission,Липсващо разрешение
Missing Serial No Bundle,Пакет без сериен номер
Missing Value,Липсваща стойност
Missing value,Липсваща стойност
Mobile:,Мобилен:
Modal Trigger,Модален тригер
Modified On,Променено на
Module (for export),Модул (за износ)
Module HTML,HTML модул
Module Profile,Профил на модула
Module Profile Name,Име на профила на модула
Module onboarding progress reset,Нулиране на напредъка при въвеждането в модула
Module {} not found,Модул {} не е намерен
Monitor for Last 'X' days,Проследяване за последните „X“ дни
Monthly Rank,Месечна класация
More/Less than 12 months.,Повече/по-малко от 12 месеца.
Most probably your password is too long.,Най-вероятно паролата ви е прекалено дълга.
Move Stock,Премести стока
Move current and all subsequent sections to a new tab,Преместете текущия и всички следващи раздели в нов раздел
Move cursor to above row,Преместете курсора върху горния ред
Move cursor to below row,Преместете курсора под реда
Move cursor to next column,Преместете курсора в следващата колона
Move cursor to previous column,Преместете курсора в предходната колона
Move sections to new tab,Премести секциите в нов раздел
Move the current field and the following fields to a new column,Преместете текущото поле и следващите полета в нова колона
Move to Cart,Добави в количката
Move to next step when clicked inside highlighted area.,При кликване в подчертаната област се преминава към следващата стъпка.
Movement,Движение
Moving up in tree ...,Качвам се по дървото...
Mozilla doesn't support :has() so you can pass parent selector here as workaround,"Mozilla не поддържа :has(), затова като временно решение тук можете да използвате селектора за родителски елемент"
Multi-level BOM Creator,Инструмент за създаване на многостепенни спецификации
Multiple Loyalty Programs found for Customer {}. Please select manually.,"Намерени са няколко програми за лоялност за клиент {}. Моля, изберете ръчно."
Multiple Warehouse Accounts,Няколко складови сметки
Multiple items cannot be marked as finished item,Няколко артикула не могат да бъдат маркирани като завършени
Must be a publicly accessible Google Sheets URL and adding Bank Account column is necessary for importing via Google Sheets,"Трябва да е URL адрес на Google Sheets, достъпен за всички, а добавянето на колона „Банкова сметка“ е необходимо за импортиране чрез Google Sheets"
Must be enclosed in '()' and include '{0}',Трябва да бъде поставено в '()' и да съдържа '{0}'
My Device,Моето устройство
My Filter,Моят филтър
My Profile,Моят профил
My Settings,Моите настройки
NOTE: If you add states or transitions in the table,ЗАБЕЛЕЖКА: Ако добавите състояния или преходи в таблицата
NOTE: This box is due for depreciation. Please re-setup LDAP to work with the newer settings,"ЗАБЕЛЕЖКА: Това устройство подлежи на амортизация. Моля, настройте LDAP отново, за да работи с новите настройки"
Name (Doc Name),Име (Име на документа)
Name already taken,Името вече е заето
Named Place,Наименование на мястото
Naming Options:|||<ol><li><b>field:[fieldname]</b> - By Field</li><li><b>autoincrement</b> - Uses Databases' Auto Increment feature</li><li><b>naming_series:</b> - By Naming Series (field called naming_series must be present)</li><li><b>Prompt</b> - Prompt user for a name</li><li><b>[series]</b> - Series by prefix (separated by a dot); for example PRE.#####</li>|||<li><b>format:EXAMPLE-{MM}morewords{fieldname1}-{fieldname2}-{#####}</b> - Replace all braced words (fieldnames,Опции за именуване:|||поле:[име_на_полето] - По полеавтоинкремент - Използва функцията за автоматично увеличаване на базата данниnaming_series: - По серия на имената (трябва да има поле с име naming_series)Запитване - Запитва потребителя за име[серия] - Серия по префикс (разделени с точка); например PRE.#####|||B format:EXAMPLE-{MM}morewords{fieldname1}-{fieldname2}-{#####}B  - Заменя всички думи в скоби (имена на полета
Naming Options:|||<ol><li><b>field:[fieldname]</b> - By Field</li><li><b>naming_series:</b> - By Naming Series (field called naming_series must be present)</li><li><b>Prompt</b> - Prompt user for a name</li><li><b>[series]</b> - Series by prefix (separated by a dot); for example PRE.#####</li>|||<li><b>format:EXAMPLE-{MM}morewords{fieldname1}-{fieldname2}-{#####}</b> - Replace all braced words (fieldnames,"Опции за именуване:|||поле:[име_на_полето] - По полеnaming_series: - По серия за именоване (трябва да присъства поле, наречено naming_series)Подсказка - Поискайте име от потребителя[серия] - Серия по префикс (разделена с точка); например PRE.#####|||B format:EXAMPLE-{MM}morewords{fieldname1}-{fieldname2}-{#####}B  - Замени всички думи в скоби (имена на полета"
Naming Rule,Правило за именуване
Naming Series and Price Defaults,Имена на сериите и стандартни цени
Naming Series is mandatory,Попълването на полето „Серия“ е задължително
Navigate to main content,Премини към основното съдържание
Navigation Settings,Настройки за навигация
Need Help?,Нуждаете се от помощ?
Need Workspace Manager role to edit private workspace of other users,"Необходима е ролята „Мениджър на работни пространства“, за да редактирате частното работно пространство на други потребители"
Need Workspace Manager role to hide/unhide public workspaces,"Необходима е ролята „Мениджър на работни пространства“, за да се скриват/показват публичните работни пространства"
Negative Batch Report,Отчет за дефектна партида
Negative Stock Error,Грешка при отрицателен запас
Net Profit Ratio,Коефициент на нетната печалба
Net Purchase Amount,Нетна стойност на покупката
Net total calculation precision loss,Нетна загуба на точност при изчисленията
Network Printer Settings,Настройки на мрежовия принтер
New Balance In Account Currency,New Balance във валутата на сметката
New Document Form,Формуляр за нов документ
New Fiscal Year - {0},Нова финансова година - {0}
New Journal Entry will be posted for the difference amount. The Posting Date can be modified.,Ще бъде създаден нов счетоводен запис за разликата. Датата на осчетоводяване може да бъде променена.
New Note,Нова бележка
New Task,Нова задача
New Users (Last 30 days),Нови потребители (последните 30 дни)
New Version,Нова версия
New Workflow Name,Име на новия работен поток
New Workspace,Ново работно пространство
New password cannot be same as old password,Новата парола не може да е същата като старата
New users will have to be manually registered by system managers.,Новите потребители ще трябва да бъдат регистрирани ръчно от системните администратори.
Newly created user {0} has no roles enabled.,За новосъздадения потребител {0} няма активирани роли.
Newsletter Attachment,Приложение към бюлетина
Newsletter must be published to send webview link in email,"За да изпратите линк към уеб изглед по имейл, трябва да публикувате бюлетина"
Next 14 Days,Следващите 14 дни
Next 30 Days,Следващите 30 дни
Next 6 Months,Следващите 6 месеца
Next 7 Days,Следващите 7 дни
Next Document,Следващ документ
Next Execution,Следващо изпълнение
Next Form Tour,Следваща форма на обиколката
Next Month,Следващия месец
Next Quarter,Следващото тримесечие
Next Step Condition,Условие за следващата стъпка
Next Week,Следващата седмица
Next Year,Следващата година
Next on Click,Следва в „Click“
No Answer,Няма отговор
No Customers found with selected options.,Не бяха намерени клиенти с избраните параметри.
No Data to Show,Няма данни за показване
No Data...,Няма данни...
No Email field found in {0},В {0} не беше открито поле за имейл
No Images,Няма изображения
No Items Found,Не бяха намерени елементи
No Items selected for transfer.,Няма избрани елементи за прехвърляне.
No Letterhead,Без фирмен бланк
No Matching Bank Transactions Found,Не бяха намерени съвпадащи банкови транзакции
No Matching Vouchers Found,Не бяха намерени подходящи ваучери
No New notifications,Няма нови известия
No Notes,Няма бележки
No Outstanding Invoices found for this party,Не бяха открити неплатени фактури за този клиент
No POS Profile found. Please create a New POS Profile first,"Не беше открит профил на POS. Моля, първо създайте нов профил на POS"
No Purchase Orders were created,Не са създадени поръчки за покупка
No RQ Workers connected. Try restarting the bench.,Няма свързани RQ работници. Опитайте да рестартирате стенда.
No Records for these settings.,Няма записи за тези настройки.
No Results found,Няма намерени резултати
No Roles Specified,Не са зададени роли
No Select Field Found,Не е намерено поле за избор
No Selection,Няма избор
No Serial / Batches are available for return,"Няма серийни номера / партиди, които могат да бъдат върнати"
No Stock Available Currently,В момента няма наличност
No Suggestions,Няма предложения
No Summary,Няма резюме
No Tax Withholding data found for the current posting date.,Не бяха намерени данни за удържани данъци за текущата дата на осчетоводяване.
No Terms,Без условия
No Unreconciled Invoices and Payments found for this party and account,Не бяха открити несъвпадащи фактури и плащания за този клиент и сметка
No Unreconciled Payments found for this party,Не бяха открити несъгласувани плащания за този клиент
No Work Orders were created,Не са създадени работни ордери
No activities to show,Няма дейности за показване
No additional fields available,Няма налични допълнителни полета
No automatic optimization suggestions available.,Няма налични предложения за автоматична оптимизация.
No billing email found for customer: {0},Не беше открит имейл за фактуриране за клиента: {0}
No broken links found in the email content,В съдържанието на имейла не бяха открити неработещи връзки
No changes made because old and new name are the same.,"Не са направени промени, тъй като старото и новото име са еднакви."
No changes made on the page,На страницата не са направени промени
No changes to sync,Няма промени за синхронизиране
No changes to update,Няма промени за актуализиране
No comments yet.,Все още няма коментари.
No currency fields in {0},В {0} няма полета за валута
No data found. Seems like you uploaded a blank file,"Не бяха намерени данни. Изглежда, че сте качили празен файл"
No email addresses to invite,"Няма имейл адреси, към които да се изпрати покана"
No email found for {0} {1},Не беше открит имейл за {0} {1}
No employee was scheduled for call popup,За нито един служител не беше планирано изскачащо съобщение
No expense accounts found for Purchase Invoice {0},Не бяха открити разходни отчети за фактура за покупка {0}
No filters selected,Няма избрани филтри
No item available for transfer.,"Няма елементи, които могат да бъдат прехвърлени."
No items are available in sales orders {0} for production,В поръчките за продажби {0} няма налични артикули за производство
No items are available in the sales order {0} for production,В производствената поръчка {0} няма налични артикули
No items in cart,Няма продукти в кошницата
No matches occurred via auto reconciliation,Не бяха открити съвпадения при автоматичното съгласуване
No more children on Left,Няма повече деца в ляво
No more children on Right,Няма повече деца вдясно
No new notifications,Няма нови известия
No of Docs,Брой документи
No of Employees,Брой служители
No of Months (Expense),Брой месеци (разходи)
No of Months (Revenue),Брой месеци (приходи)
No open POS Opening Entry found for POS Profile {0}.,Не беше открит отворен запис за отваряне на POS за POS профил {0}.
No open event,Няма предстоящи събития
No open task,Няма отворени задачи
No outstanding {0} found for the {1} {2} which qualify the filters you have specified.,"Не бяха намерени {0} резултата за {1} {2}, отговарящи на зададените от вас филтри."
No primary email found for customer: {0},Не е открит основен имейл адрес за клиента: {0}
No recent transactions found,Не бяха открити скорошни транзакции
No recipients found for campaign {0},Не бяха намерени получатели за кампанията {0}
No records found in Allocation table,Няма записи в таблицата за разпределение
No records found in the Invoices table,Няма записи в таблицата „Фактури“
No records found in the Payments table,В таблицата „Плащания“ не бяха намерени записи
No stock ledger entries were created. Please set the quantity or valuation rate for the items properly and try again.,"Не са създадени записи в счетоводната книга за запасите. Моля, задайте правилно количеството или цената на артикулите и опитайте отново."
No stock transactions can be created or modified before this date.,Преди тази дата не могат да се създават или променят сделки с акции.
No user has the role <strong>{0}</strong>,Няма потребител с ролята {0}
No {0},От {0}
No {0} Accounts found for this company.,Не бяха намерени {0} профила за тази компания.
No {0} Found,Не беше намерено {0}
No {0} found with matching filters. Clear filters to see all {0}.,"Не бяха намерени {0}, отговарящи на филтрите. Изчистете филтрите, за да видите всички {0}."
No.,№
No. of Employees,Брой служители
No. of parallel job cards which can be allowed on this workstation. Example: 2 would mean this workstation can process production for two Work Orders at a time.,"Брой паралелни работни карти, които могат да бъдат разрешени на тази работна станция. Пример: стойност 2 означава, че тази работна станция може да обработва производството по две работни ордери едновременно."
Non Depreciable Category,Категория без амортизация
Non-Zeros,Не нули
Normalized Copies,Нормализирани копия
Normalized Query,Нормализирано запитване
Not Helpful,Не е полезно
Not Permitted to read {0},Няма право да чете {0}
Not able to find the earliest Fiscal Year for the given company.,Не може да бъде намерена най-ранната финансова година за посочената компания.
Not allowed to create custom Virtual DocType.,Не е позволено да се създават потребителски виртуални DocType.
Not allowed via controller permission check,Не е разрешено според проверката на правата на контролера
Not permitted. {0}.,Не е разрешено. {0}.
Note: Automatic log deletion only applies to logs of type <i>Update Cost</i>,Забележка: Автоматичното изтриване на логовете важи само за логовете от типа Update Cost
Note: Due Date exceeds allowed {0} credit days by {1} day(s),Забележка: Срокът на плащане е изтекъл с {1} ден(и) над допустимите {0} дни отсрочка
Note: Etc timezones have their signs reversed.,Забележка: При часовите зони от типа „Etc“ знаците са обърнати.
Note: If you want to use the finished good {0} as a raw material,Забележка: Ако искате да използвате готовия продукт {0} като суровина
Note: On checking Is Mandatory the accounting dimension will become mandatory against that specific account for all accounting transactions,"Забележка: Ако отбележите опцията „Задължително“, счетоводната категория ще стане задължителна за тази конкретна сметка при всички счетоводни статии"
Note: Please create Sales Orders from individual Quotations to select from among Alternative Items.,"Забележка: Моля, създавайте поръчки за продажби въз основа на отделни оферти, за да можете да избирате измежду алтернативни артикули."
Note: This will be shared with user.,Забележка: Тази информация ще бъде споделена с потребителя.
Note: To merge the items,Забележка: За да обедините елементите
Note: Your request for account deletion will be fulfilled within {0} hours.,Забележка: Вашата молба за изтриване на профила ще бъде изпълнена в рамките на {0} часа.
Notes HTML,Бележки HTML
Nothing New,Нищо ново
Nothing left to redo,Няма какво повече да се прави
Nothing left to undo,Няма какво повече да се отмени
Notification sent to,Изпратено уведомление до
Notify Reposting Error to Role,Уведомяване за грешка при препубликуване на роля
Number Card Name,Номер Име на картата
Number of Days,Брой дни
Number of Queries,Брой заявки
Number of attachment fields are more than {},Броят на полетата за прикачени файлове е по-голям от {}
Number of backups must be greater than zero.,Броят на резервните копия трябва да е по-голям от нула.
Number of days after which the document Web View link shared on email will be expired,"Брой дни, след които линкът към Web View на документа, споделен по имейл, ще изтече"
Number of keys,Брой клавиши
Number of onsite backups,Брой резервни копия на място
Numeric,Числово
Numeric Inspection,Цифрова проверка
OAuth,Открито разрешение
OAuth Client Role,Роля на OAuth клиент
OAuth Error,Грешка в OAuth
OAuth Scope,Обхват на OAuth
"OAuth has been enabled but not authorised. Please use ""Authorise API Access"" button to do the same.","OAuth е активиран, но нямате разрешение. Моля, използвайте бутона „Разреши достъп до API“, за да го направите."
OK,Добре
OPTIONS,ВЪЗМОЖНОСТИ
OR,ИЛИ
OTP SMS Template,Шаблон за SMS за еднократна парола
OTP SMS Template must contain <code>{0}</code> placeholder to insert the OTP.,Шаблонът за SMS с еднократна парола трябва да съдържа заместващия символ {0} за вмъкване на еднократната парола.
OTP Secret Reset - {0},Възстановяване на тайния код за еднократна парола (OTP) - {0}
OTP placeholder should be defined as <code>{{ otp }}</code>,Заместващият символ за OTP трябва да бъде дефиниран като {{ otp }}
Occurrences,Случаи
Official Documentation,Официална документация
Offset X,Офсет X
Offset Y,Офсет по Y
Offsetting Account,Компенсационна сметка
Offsetting for Accounting Dimension,Компенсация за счетоводната единица
Old and new fieldnames are same.,Старите и новите имена на полетата са еднакви.
Oldest Of Invoice Or Advance,По-ранната от двете суми – фактура или аванс
Oldest Unscheduled Job,Най-старата задача без график
On Paid Amount,Въз основа на изплатената сума
On Payment Authorization,Относно одобряването на плащания
On This Date,На тази дата
On Track,На прав път
On checking this option,При активиране на тази опция
On enabling this cancellation entries will be posted on the actual cancellation date and reports will consider cancelled entries as well,"При активиране на тази опция записите за анулиране ще се отразяват на действителната дата на анулиране, а отчетите ще отчитат и анулираните записи"
On expanding a row in the Items to Manufacture table,При разгръщане на ред в таблицата „Продукти за производство“
On or After,На или след
On or Before,на или преди
On save,При запазване
On submission of the stock transaction,При подаване на сделката с ценни книжа
Onboard,На борда
Onboarding Name,Име на новопостъпилия служител
Onboarding Status,Статус на въвеждането
Onboarding complete,Регистрацията приключи
Once the Work Order is Closed. It can't be resumed.,"След като работния ордер бъде приключена, тя не може да бъде възобновена."
One of the child page with name {0} already exist in {1} Section. Please update the name of the child page first before moving,"В раздел {1} вече съществува подстраница с име {0}. Моля, първо променете името на подстраницата, преди да я преместите"
Only 'Payment Entries' made against this advance account are supported.,"Поддържат се само „платежни записи“, извършени по тази сметка за авансово плащане."
Only CSV and Excel files can be used to for importing data. Please check the file format you are trying to upload,"За импортиране на данни могат да се използват само файлове във формат CSV и Excel. Моля, проверете формата на файла, който се опитвате да качите"
Only Deduct Tax On Excess Amount,Данъкът се удържа само върху сумата над определения праг
Only Include Allocated Payments,Включвай само разпределените плащания
Only Parent can be of type {0},Само „Родител“ може да бъде от тип {0}
Only Workspace Manager can edit public workspaces,Само Workspace Manager може да редактира публичните работни пространства
Only Workspace Manager can sort or edit this page,Само Workspace Manager може да сортира или редактира тази страница
Only allowed to export customizations in developer mode,Износът на персонализации е разрешен само в режим за разработчици
Only applies for Normal Payments,Важи само за обикновени плащания
Only change this if you want to use other S3 compatible object storage backends.,Променете това само ако искате да използвате други S3-съвместими бекенди за съхранение на обекти.
Only existing assets,Само съществуващи активи
Only for,Само за
Only one of Deposit or Withdrawal should be non-zero when applying an Excluded Fee.,При прилагане на изключена такса само една от двете суми – за депозит или за теглене – трябва да е различна от нула.
Only one {0} entry can be created against the Work Order {1},Може да бъде създаден само един {0} запис към работния ордер {1}
Only payment entries with apply tax withholding unchecked will be considered for checking cumulative threshold breach,"За проверка за превишаване на кумулативния праг ще се вземат предвид само записите за плащания, при които опцията „Прилагане на удържане на данък“ не е отбелязана"
Only reports of type Report Builder can be deleted,Могат да се изтриват само отчети от типа „Report Builder“
Only reports of type Report Builder can be edited,Редактират се само отчети от типа „Report Builder“
Only the assignee can complete this to-do.,"Само лицето, на което е възложена задачата, може да я изпълни."
Only values between [0,Само стойности между [0
Only {0} are supported,Поддържат се само {0}
Only {0} emailed reports are allowed per user.,"На всеки потребител се разрешават само {0} доклада, изпратени по имейл."
Oops! Something went wrong.,Опа! Нещо се обърка.
Open Activities HTML,Отвори дейностите в HTML
Open Call Log,Регистър на входящите обаждания
Open Communication,Открита комуникация
Open Event,Открито събитие
Open Events,Отворени събития
Open Sales Orders,Отворени поръчки за продажби
Open Task,Отворена задача
Open Tasks,Отворени задачи
Open Work Order {0},Отвори работен ордер {0}
Open in a new tab,Отвори в нов прозорец
OpenID Configuration,Настройка на OpenID
OpenID Configuration fetched successfully!,Конфигурацията на OpenID беше изтеглена успешно!
OpenLDAP,OpenLDAP
Opening Accumulated Depreciation must be less than or equal to {0},Началната натрупана амортизация трябва да бъде по-малка или равна на {0}
Opening Balances,Начални салда
Opening Entry can not be created after Period Closing Voucher is created.,Не е възможно да се създаде начален запис след създаването на документа за приключване на периода.
Opening Invoice has rounding adjustment of {0}.<br><br> '{1}' account is required to post these values. Please set it in Company: {2}.<br><br> Or,"Входната фактура има корекция за закръгляване в размер на {0}.  За осчетоводяването на тези стойности е необходима сметка „{1}“. Моля, задайте я в „Фирма: {2}“.  Или"
Opening Number of Booked Depreciations,Начален брой на отчетените амортизационни разходи
Opening Purchase Invoices have been created.,Създадени са фактури за първоначални покупки.
Opening Sales Invoices have been created.,Създадени са фактури за начални продажби.
Operating Cost Per BOM Quantity,Оперативни разходи на бройка от спецификацията
Operation & Workstation,Експлоатация и работно място
Operation time does not depend on quantity to produce,"Продължителността на операцията не зависи от количеството, което трябва да се произведе"
Opportunity Amount (Company Currency),Сума на възможността (валута на компанията)
Opportunity Owner,Собственик на възможността
Opportunity Source,Източник на възможности
Opportunity Summary by Sales Stage,Обобщение на възможностите по етапи на продажбите
Opportunity Value,Стойност на възможността
Optimize,Оптимизиране
Optimizing image...,Оптимизиране на изображението...
Options for Rating field can range from 3 to 10,Възможните стойности за полето „Оценка“ варират от 3 до 10
Options is required for field {0} of type {1},За поле {0} от тип {1} е задължително да се въведе стойност
Order Date,Дата на поръчката
Order No,Номер на поръчката
Order Status,Статус на поръчката
Original,Оригинал
Other Info,Допълнителна информация
Out of stock,Няма на склад
Outgoing (SMTP) Settings,Настройки за изходяща поща (SMTP)
Outgoing Emails (Last 7 days),Изпратени имейли (последните 7 дни)
Outgoing Server,Изходящ сървър
Outgoing Settings,Настройки за изходяща поща
Outstanding (Company Currency),Неплатени суми (в местна валута)
Over Billing Allowance exceeded for Purchase Receipt Item {0} ({1}) by {2}%,Допустимото отклонение при надфактуриране за позиция {0} ({1}) в разписката за покупка е надвишено с {2}%
Over Picking Allowance,Допускане на прекомерно събиране
Over Receipt,Над касовата бележка
Over Receipt/Delivery of {0} {1} ignored for item {2} because you have {3} role.,"Получаването/доставката на {0} {1} е игнорирано за артикул {2}, тъй като имате {3} роля."
Over Transfer Allowance,Надбавка за преместване
Overbilling of {0} {1} ignored for item {2} because you have {3} role.,"Надценката от {0} {1} е игнорирана за позиция {2}, тъй като имате {3} роля."
Overbilling of {} ignored because you have {} role.,"Надценката на {} се игнорира, тъй като имате роля {}."
Overdue Payment,Просрочено плащане
Overdue Payments,Просрочени плащания
Overdue Tasks,Неизпълнени задачи
Overview,Общ преглед
P&L Closing Balance,Крайно салдо по отчета за приходите и разходите
PATCH,ПАТЧ
PCV,Процент на културно жизнеспособните
PCV Paused,PCV е спряно
PCV Resumed,PCV възобновено
PDF Generation in Progress,В момента се създава PDF файл
PDF Generator,Генератор на PDF файлове
PDF Name,Име на PDF файла
PDF Page Height (in mm),Височина на страницата в PDF (в мм)
PDF Page Width (in mm),Ширина на страницата в PDF (в мм)
PDF generation may not work as expected.,Създаването на PDF файл може да не работи както се очаква.
"PDF printing via ""Raw Print"" is not supported.",Печатът на PDF файлове чрез „Raw Print“ не се поддържа.
PID,Пропорционално-интегрално-диференциално
POP3 OAuth authentication failed for Email Account {0},Удостоверяването чрез POP3 OAuth за имейл акаунта {0} се провали
POS Closed,POS затворен
POS Closing Failed,Затварянето на POS-терминала се провали
POS Closing failed while running in a background process. You can resolve the {0} and retry the process again.,Затварянето на POS се провали при изпълнение във фонов процес. Можете да разрешите проблема {0} и да опитате отново.
POS Invoice is already consolidated,Фактурата от POS системата вече е консолидирана
POS Invoice is not submitted,Фактурата от POS терминала не е подадена
POS Invoice should have the field {0} checked.,В POS фактурата трябва да е отбелязано полето {0}.
POS Invoices will be consolidated in a background process,"Фактурите от POS-терминалите ще бъдат обединени в процес, изпълняван във фонов режим"
POS Invoices will be unconsolidated in a background process,"Фактурите от POS ще бъдат разделителни в процес, изпълняван във фонов режим"
POS Opening Entry Missing,Липсва запис за откриване на POS
POS Profile doesn't match {},Профилът на POS не съвпада с {}
POS Profile {0} cannot be disabled as there are ongoing POS sessions.,"POS профил {0} не може да бъде деактивиран, тъй като има активни POS сесии."
POS Profile {} contains Mode of Payment {}. Please remove them to disable this mode.,"Профилът на POS {} съдържа начин на плащане {}. Моля, премахнете ги, за да деактивирате този начин на плащане."
POS Profile {} does not belong to company {},POS профилът {} не принадлежи на фирмата {}
POS Profile {} does not exist.,Профилът на POS {} не съществува.
POS Profile {} is disabled.,POS профилът {} е деактивиран.
POS Search Fields,Полета за търсене в POS
POS Setting,Настройки на POS
POS has been closed at {0}. Please refresh the page.,"POS е затворен в {0}. Моля, обнови страницата."
POST,Публикация
PRLE-.####,Лично и поверително
PROJ-.####,Номер на проекта
PUT,PUT
PZN,Цената подлежи на договаряне
Package,Опаковка
Package Import,Импортиране на пакет
Package Name,Име на пакета
Package No(s) already in use. Try from Package No {0},Номерът на пакета вече се използва. Опитайте с номер на пакета {0}
Package Release,Издаване на пакет
Packaging Slip From Delivery Note,Опаковъчен лист от складовата разписка
Packed Items cannot be transferred internally,Опакованите артикули не могат да се прехвърлят вътрешно
Packed Qty,Брой в опаковка
Page Break After Each SoA,Разделител на страници след всеки SoA
Page Height (in mm),Височина на страницата (в мм)
Page Margins,Маргини на страницата
Page Number,Номер на страницата
Page Route,Страница „Път“
Page Saved Successfully,Страницата беше запазена успешно
Page Size,Размер на страницата
Page Title,Заглавие на страницата
Page Width (in mm),Ширина на страницата (в мм)
Page height and width cannot be zero,Височината и ширината на страницата не могат да бъдат нула
Page with title {0} already exist.,Страница със заглавие {0} вече съществува.
Paid Amount After Tax,"Сума, изплатена след данъци"
Paid Amount After Tax (Company Currency),Изплатена сума след данъци (валута на компанията)
Paid From Account Type,Платено от тип сметка
Paid To Account Type,Тип на сметката за получаване на плащания
Pallets,Палети
Parameter Group,Група параметри
Parameter Group Name,Име на групата от параметри
Parcel Template,Шаблон за пратка
Parcel Template Name,Име на шаблона за пратка
Parcel weight cannot be 0,Теглото на пратката не може да бъде 0
Parcels,Колетни пратки
Parent Account Missing,Липсва родителски профил
Parent DocType,Родителски DocType
Parent Document,Родителски документ
Parent Document Type,Тип на родителския документ
Parent Document Type is required to create a number card,Полето „Тип на родителския документ“ е задължително за създаване на номерна карта
Parent Element Selector,Селектор на родителски елемент
Parent Field,Родителско поле
Parent Item {0} must not be a Fixed Asset,Основният елемент {0} не трябва да бъде дълготраен актив
Parent Missing,Липсва родител
Parent Page,Начална страница
Parent Row No,Номер на родителския ред
Parent Row No not found for {0},Не е намерен номер на родителския ред за {0}
Parent Task {0} is not a Template Task,Задачата от по-високо ниво {0} не е задача от шаблон
Parent Task {0} must be a Group Task,Родителската задача {0} трябва да бъде групова задача
Parent document type is required to create a dashboard chart,За създаването на диаграма в таблото е необходим тип на родителския документ
Parent-to-child or child-to-different-child grouping is not allowed.,Не се допуска групиране на родител с дете или на едно дете с друго дете.
Parentfield not specified in {0}: {1},Полето „Родител“ не е посочено в {0}: {1}
Parenttype,Тип родител
Parsing Error,Грешка при анализа
Partial,Частично
Partial Material Transferred,Прехвърлени частични материали
Partial Payment in POS Invoice is not allowed.,Частичното плащане по POS-фактура не е разрешено.
Partial Stock Reservation,Частична резервация на наличност
Partial stock can be reserved. For example,Може да се запази част от наличността. Например
Partially Billed,Частично фактурирано
Partially Delivered,Частично доставено
Partially Reconciled,Частично съгласувано
Partially Reserved,Частично запазено
Partially Sent,Частично изпратено
Partly Paid,Частично платено
Partly Paid and Discounted,Частично платени и с отстъпка
Partnership,Партньорство
Party Account No. (Bank Statement),Номер на партийната сметка (банково извлечение)
Party Account {0} currency ({1}) and document currency ({2}) should be same,Валутата на партийната сметка {0} ({1}) и валутата на документа ({2}) трябва да са еднакви
Party Full Name,Пълно име на партията
Party IBAN (Bank Statement),IBAN на получателя (банково извлечение)
Party Item Code,Код на артикула за парти
Party Link,Връзка към партията
Party Mismatch,Несъответствие в партията
Party Name/Account Holder (Bank Statement),Име на страната/титуляр на сметката (банково извлечение)
Party Not Required,Не се изисква парти
Party Specific Item,"Предмет, специфичен за дадена партия"
Party Type and Party can only be set for Receivable / Payable account<br><br>{0},Типът на партидата и самата партида могат да се задават само за сметки за вземания/задължения  {0}
Party Type and Party is required for Receivable / Payable account {0},Полетата „Тип партида“ и „Партида“ са задължителни за сметката за вземания/задължения {0}
Party can only be one of {0},Партията може да бъде само една от {0}
Passport Details,Данни от паспорта
Password Email Sent,Изпратено имейл с парола
Password cannot be filtered,Паролата не може да бъде филтрирана
Password missing in Email Account,Липсва паролата за имейл акаунта
Password not found for {0} {1} {2},Не е намерена парола за {0} {1} {2}
Password requirements not met,Изискванията за паролата не са спазени
Password set,Зададена парола
Password size exceeded the maximum allowed size,Размерът на паролата надвишава максимално допустимия размер
Password size exceeded the maximum allowed size.,Дължината на паролата надвишава максимално допустимата дължина.
Passwords do not match,Паролите не съвпадат
Past dates are not allowed for Scheduling.,За планирането не се допускат минали дати.
Patch type {} not found in patches.txt,Тип на пач {} не е открит в файла patches.txt
Path {0} is not within module {1},Пътят {0} не се намира в модул {1}
Path {0} it not a valid path,Пътят {0} не е валиден
Pause Job,Пауза Работа
Paused,В пауза
Payload Count,Брой товари
Payment Amount (Company Currency),Сума за плащане (валута на компанията)
Payment Entry Settings,Настройки за въвеждане на плащания
Payment Entry {0} is linked against Order {1},Записът за плащане {0} е свързан с поръчка {1}
Payment Ledger,Регистър на плащанията
Payment Ledger Balance,Салдо по сметката за плащания
Payment Ledger Entry,Запис в счетоводната книга за плащания
Payment Limit,Лимит на плащанията
Payment Reconciliation Allocation,Разпределение при съгласуване на плащанията
Payment Reconciliation Job: {0} is running for this party. Can't reconcile now.,Задача за съгласуване на плащанията: {0} се изпълнява за тази страна. В момента не е възможно съгласуване.
Payment Reconciliation Settings,Настройки за съгласуване на плащанията
Payment Request Outstanding,Неизплатено искане за плащане
Payment Request created from Sales Order or Purchase Order will be in Draft status. When disabled document will be in unsaved state.,"Заявката за плащане, създадена въз основа на поръчка за продажба или поръчка за покупка, ще бъде със статус „Чернова“. Когато функцията е деактивирана, документът ще бъде в състояние „Незапазен“."
Payment Request is already created,Заявката за плащане вече е създадена
Payment Request took too long to respond. Please try requesting for payment again.,"Отговорът на заявката за плащане отне твърде много време. Моля, опитайте отново да подадете заявка за плащане."
Payment Requests cannot be created against: {0},Не могат да се създават заявки за плащане за: {0}
Payment Status,Статус на плащането
Payment Term Outstanding,Неплатени суми
Payment Terms Status for Sales Order,Статус на условията за плащане за поръчка за продажба
Payment Terms from orders will be fetched into the invoices as is,Условията за плащане от поръчките ще бъдат пренесени във фактурите без промени
Payment Terms:,Условия за плащане:
Payment Unlink Error,Грешка при премахване на свързването на плащането
Payment methods refreshed. Please review before proceeding.,"Начините на плащане са актуализирани. Моля, запознайте се с тях, преди да продължите."
Payment of {0} received successfully.,Плащането в размер на {0} беше успешно получено.
Payment of {0} received successfully. Waiting for other requests to complete...,Плащането в размер на {0} беше успешно получено. Изчакваме приключването на останалите заявки...
Payment request failed,Заявката за плащане не успя
Payment term {0} not used in {1},Условието за плащане {0} не се използва в {1}
Peak Memory Usage,Максимално използване на паметта
Pegged Against,Свързан с
Pegged Currencies,Валути с фиксиран курс
Pegged Currency Details,Подробности за валутите с фиксиран курс
Pending Emails,Непрочетени имейли
Pending Jobs,Незавършени задачи
Pending processing,В процес на обработка
Per Received,За всеки получен
Percentage (%),Процент (%)
Percentage you are allowed to order beyond the Blanket Order quantity.,"Процентът, с който можете да надвишите количеството по рамковата поръчка."
Percentage you are allowed to sell beyond the Blanket Order quantity.,"Процентът, с който можете да надвишите количеството по рамковата поръчка."
Period Closed,Периодът приключи
Period Closing Entry For Current Period,Закриваща операция за текущия период
Period Closing Settings,Настройки за приключване на периода
Period Closing Voucher {0} GL Entry Cancellation Failed,Документ за приключване на периода {0} – Отказ на отмяната на счетоводната статия
Period Closing Voucher {0} GL Entry Processing Failed,Документ за приключване на периода {0} – обработката на счетоводната статия се провали
Period Details,Подробности за периода
Period End Date cannot be greater than Fiscal Year End Date,Датата на края на периода не може да бъде по-късна от датата на края на финансовата година
Period Start Date cannot be greater than Period End Date,Датата на началото на периода не може да бъде по-късна от датата на края на периода
Period Start Date must be {0},Датата на началото на периода трябва да бъде {0}
Period To Date,От началото на периода
Period_from_date,Период от дата
Permission,Разрешение
Permission Inspector,Инспектор за разрешения
Permission Query,Заявка за разрешение
Permission Type,Тип разрешение
Permissions Error,Грешка при разрешенията
Permitted Roles,Допустими роли
Personal Data Deletion Step,Стъпка за изтриване на лични данни
Phone Ext.,Вътрешен телефон
Phone Number {0} set in field {1} is not valid.,"Телефонният номер {0}, въведен в поле {1}, е невалиден."
Pick List Incomplete,Списъкът с избрани артикули е непълен
Pick Manually,Избор ръчно
Pick Serial / Batch,Изберете сериен номер / партида
Pick Serial / Batch Based On,Изберете сериен номер / партида въз основа на
Pick Serial / Batch No,Изберете сериен номер / партиден номер
Picked Qty (in Stock UOM),Избрано количество (в единица мярка на наличността)
Pickup,Пикап
Pickup Contact Person,Лице за връзка за получаване
Pickup Date,Дата на получаване
Pickup Date cannot be before this day,Датата на вземане не може да бъде по-ранна от тази дата
Pickup From,Вземане от
Pickup To time should be greater than Pickup From time,Времето за начало на вземането трябва да е по-късно от времето за начало на доставката
Pickup Type,Тип пикап
Pickup from,Вземане от
Pickup to,Вземане от
Pink,Розово
Pipeline By,Тръбопровод от
Placeholder,Заместващ текст
Plaid Link Failed,Връзката към Plaid не успя
Plaid Link Refresh Required,Необходимо е обновяване на връзката с Plaid
Plaid Link Updated,Актуализирана връзка към Plaid
Plain Text,Обикновен текст
Plan to Request Qty,Планирайте количеството за поръчка
Plant Dashboard,Табло за растенията
Plant Floor,Производствено хале
Please Authorize OAuth for Email Account {},"Моля, оторизирайте OAuth за имейл акаунта {}"
Please Set Priority,"Моля, задайте приоритет"
Please Specify Account,"Моля, посочете акаунт"
Please add 'Supplier' role to user {0}.,"Моля, добавете ролята „Доставчик“ на потребителя {0}."
Please add Request for Quotation to the sidebar in Portal Settings.,"Моля, добавете „Заявка за оферта“ в страничната лента в „Настройки на портала“."
Please add Root Account for - {0},"Моля, добавете акаунт с права на администратор за - {0}"
Please add atleast one Serial No / Batch No,"Моля, въведете поне един сериен номер / номер на партидата"
Please add the Bank Account column,"Моля, добавете колоната „Банкова сметка“"
Please add the account to root level Company - {0},"Моля, добавете акаунта към най-високото ниво „Компания“ – {0}"
Please add {1} role to user {0}.,"Моля, добавете роля {1} към потребителя {0}."
Please adjust the qty or edit {0} to proceed.,"Моля, коригирайте количеството или редактирайте {0}, за да продължите."
Please attach CSV file,"Моля, прикачете CSV файл"
Please attach an image file to set HTML for Footer.,"Моля, прикачете файл с изображение, за да зададете HTML кода за долния колонтитул."
Please attach an image file to set HTML for Letter Head.,"Моля, прикачете файл с изображение, за да зададете HTML кода за бланката."
Please attach the package,"Моля, приложете пакета"
Please cancel and amend the Payment Entry,"Моля, отменете и коригирайте платежната операция"
Please cancel payment entry manually first,"Моля, първо анулирайте ръчно записите за плащанията"
Please cancel related transaction.,"Моля, отменете съответната транзакция."
Please capitalize this asset before submitting.,"Моля, превърнете този ресурс в главни букви, преди да го изпратите."
Please check Process Deferred Accounting {0} and submit manually after resolving errors.,"Моля, отбележете опцията „Отложено счетоводно обработване“ {0} и подайте заявката ръчно, след като отстраните грешките."
Please check either with operations or FG Based Operating Cost.,"Моля, проверете в отдела по операциите или в отдела за оперативни разходи на FG."
Please check the error message and take necessary actions to fix the error and then restart the reposting again.,"Моля, проверете съобщението за грешка, предприемете необходимите действия за отстраняването ѝ и след това опитайте отново да публикувате съобщението."
Please check your email login credentials.,"Моля, проверете данните си за вход в електронната поща."
Please check your email to confirm the appointment,"Моля, проверете електронната си поща, за да потвърдите срещата"
Please click on the following link and follow the instructions on the page. {0},"Моля, кликнете върху следния линк и следвайте инструкциите на страницата. {0}"
Please contact any of the following users to extend the credit limits for {0}: {1},"Моля, свържете се с някой от следните потребители, за да увеличите кредитните лимити за {0}: {1}"
Please contact any of the following users to {} this transaction.,"Моля, свържете се с някой от следните потребители, за да {} тази транзакция."
Please contact your administrator to extend the credit limits for {0}.,"Моля, свържете се с вашия администратор, за да увеличите кредитните лимити за {0}."
Please contact your system manager to install correct version.,"Моля, свържете се със системния администратор, за да инсталирате правилната версия."
Please create Landed Cost Vouchers against Invoices that have 'Update Stock' enabled.,"Моля, създайте документи за разходите при доставка въз основа на фактури, за които е активирана опцията „Актуализиране на наличностите“."
Please create a new Accounting Dimension if required.,"Ако е необходимо, създайте ново счетоводно измерение."
Please create purchase from internal sale or delivery document itself,"Моля, създайте поръчка въз основа на вътрешния документ за продажба или доставка"
Please delete Product Bundle {0},"Моля, изтрийте продуктовия пакет {0}"
Please delete the field from {0} or add the required doctype.,"Моля, изтрийте полето от {0} или добавете необходимия doctype."
Please do not book expense of multiple assets against one single Asset.,"Моля, не отчитайте разходите за няколко активи към един-единствен актив."
Please enable Use Old Serial / Batch Fields to make_bundle,"Моля, активирайте опцията „Използвай старите полета за сериен номер/партида“ при създаването на пакет"
Please enable atleast one Social Login Key or LDAP or Login With Email Link before disabling username/password based login.,"Моля, активирайте поне един ключ за вход чрез социална мрежа, LDAP или връзка за вход с имейл, преди да деактивирате входа с потребителско име и парола."
Please enable only if the understand the effects of enabling this.,"Моля, активирайте тази опция само ако сте наясно с последствията от това."
Please enable {0} in the {1}.,"Моля, активирайте {0} в {1}."
Please enable {} before continuing.,"Моля, активирайте {} преди да продължите."
Please enable {} in {} to allow same item in multiple rows,"Моля, активирайте {} в {}, за да се позволи един и същ елемент да се показва в няколко реда"
Please ensure that the {0} account is a Balance Sheet account. You can change the parent account to a Balance Sheet account or select a different account.,"Моля, уверете се, че сметката {0} е сметка от баланса. Можете да промените родителската сметка на сметка от баланса или да изберете друга сметка."
Please ensure that the {0} account {1} is a Payable account. You can change the account type to Payable or select a different account.,"Моля, уверете се, че сметката {0} {1} е сметка за плащания. Можете да промените типа на сметката на „За плащане“ или да изберете друга сметка."
Please ensure {} account is a Balance Sheet account.,"Моля, уверете се, че сметката {} е сметка от баланса."
Please ensure {} account {} is a Receivable account.,"Моля, уверете се, че {} сметка {} е сметка за вземания."
Please enter OpenID Configuration URL,"Моля, въведете URL адреса за конфигуриране на OpenID"
Please enter Root Type for account- {0},"Моля, въведете типа на акаунта {0}"
Please enter Serial Nos,"Моля, въведете серийните номера"
Please enter Shipment Parcel information,"Моля, въведете данните за пратката"
Please enter Stock Items consumed during the Repair.,"Моля, въведете изразходваните материали по време на ремонта."
Please enter a valid email address.,"Моля, въведете валиден имейл адрес."
Please enter both your email and message so that we can get back to you. Thanks!,"Моля, въведете както имейл адреса си, така и съобщението, за да можем да се свържем с вас. Благодаря!"
Please enter mobile number first.,"Моля, въведете първо номера на мобилния си телефон."
Please enter quantity for item {0},"Моля, въведете количеството за артикул {0}"
Please enter serial nos,"Моля, въведете серийните номера"
Please enter the password for: <b>{0}</b>,"Моля, въведете паролата за: {0}"
Please enter your new password.,"Моля, въведете новата си парола."
Please enter your old password.,"Моля, въведете старата си парола."
Please first set Full Name,"Моля, първо въведете пълното си име"
Please fix overlapping time slots for {0},"Моля, коригирайте припокриващите се времеви интервали за {0}"
Please fix overlapping time slots for {0}.,"Моля, коригирайте припокриващите се времеви интервали за {0}."
Please import accounts against parent company or enable {} in company master.,"Моля, импортирайте сметките към дружеството-майка или активирайте {} в основния файл на дружеството."
Please keep one Applicable Charges,"Моля, посочете приложимите такси"
Please login to post a comment.,"Моля, влезте в профила си, за да публикувате коментар."
Please make sure the file you are using has 'Parent Account' column present in the header.,"Моля, уверете се, че файлът, който използвате, съдържа колона „Родителски профил“ в заглавната част."
Please mention 'Weight UOM' along with Weight.,"Моля, посочете „Единица мярка за тегло“ заедно с теглото."
Please mention '{0}' in Company: {1},"Моля, посочете „{0}“ в полето „Фирма: {1}“"
Please mention the Current and New BOM for replacement.,"Моля, посочете текущата и новата спецификация за подмяната."
Please rectify and try again.,"Моля, коригирайте грешката и опитайте отново."
Please refresh or reset the Plaid linking of the Bank {}.,"Моля, обновете или нулирайте свързването на Plaid с банката {}."
Please remove the printer mapping in Printer Settings and try again.,"Моля, премахнете настройките за принтера в „Настройки на принтера“ и опитайте отново."
Please review the {0} configuration and complete any required financial setup activities.,"Моля, прегледайте конфигурацията на {0} и изпълнете всички необходими действия по финансовата настройка."
Please save before proceeding.,"Моля, запазете, преди да продължите."
Please save the form before previewing the message,"Моля, запазете формуляра, преди да визуализирате съобщението"
Please select Bank Account,"Моля, изберете банкова сметка"
Please select Finished Good Item for Service Item {0},"Моля, изберете „Готова стока“ за сервизната позиция {0}"
Please select Serial/Batch Nos to reserve or change Reservation Based On to Qty.,"Моля, изберете серийни/партидни номера, за да запазите резервацията, или променете критерия за резервация на „Брой“."
Please select Subcontracting Order instead of Purchase Order {0},"Моля, изберете „Поръчка за подизпълнение“ вместо „Поръчка за покупка“ {0}"
Please select Unrealized Profit / Loss account or add default Unrealized Profit / Loss account account for company {0},"Моля, изберете сметка за нереализирана печалба/загуба или добавете стандартна сметка за нереализирана печалба/загуба за фирма {0}"
Please select X and Y fields,"Моля, изберете полетата X и Y"
Please select a DocType in options before setting filters,"Моля, изберете DocType в опциите, преди да зададете филтри"
Please select a Subcontracting Purchase Order.,"Моля, изберете поръчка за покупка от подизпълнител."
Please select a Warehouse,"Моля, изберете склад"
Please select a Work Order first.,"Моля, първо изберете работен ордер."
Please select a country,"Моля, изберете държава"
Please select a country code for field {1}.,"Моля, изберете код на държава за поле {1}."
Please select a customer for fetching payments.,"Моля, изберете клиент, за да изтеглите плащанията."
Please select a date,"Моля, изберете дата"
Please select a date and time,"Моля, изберете дата и час"
Please select a file first.,"Моля, първо изберете файл."
Please select a row to create a Reposting Entry,"Моля, изберете ред, за да създадете запис за препубликуване"
Please select a supplier for fetching payments.,"Моля, изберете доставчик за получаване на плащания."
Please select a valid Purchase Order that has Service Items.,"Моля, изберете валидна поръчка за покупка, която съдържа позиции за услуги."
Please select a valid Purchase Order that is configured for Subcontracting.,"Моля, изберете валидна поръчка за покупка, която е настроена за възлагане на подизпълнители."
Please select an item code before setting the warehouse.,"Моля, изберете код на артикула, преди да зададете склада."
Please select at least one row to fix,"Моля, изберете поне един ред за коригиране"
Please select at least one row with difference value,"Моля, изберете поне един ред със стойност на разликата"
Please select atleast one item to continue,"Моля, изберете поне един елемент, за да продължите"
Please select atleast one operation to create Job Card,"Моля, изберете поне една операция, за да създадете работна карта"
Please select either the Item or Warehouse or Warehouse Type filter to generate the report.,"Моля, изберете филтъра „Артикул“, „Склад“ или „Тип склад“, за да генерирате отчета."
Please select items to reserve.,"Моля, изберете артикулите, които искате да резервирате."
Please select items to unreserve.,"Моля, изберете артикулите, за които искате да отмените резервацията."
Please select only one row to create a Reposting Entry,"Моля, изберете само един ред, за да създадете запис за препубликуване"
Please select rows to create Reposting Entries,"Моля, изберете редове, за да създадете записи за повторно публикуване"
Please select the LDAP Directory being used,"Моля, изберете използваната LDAP директория"
Please select the required filters,"Моля, изберете желаните филтри"
Please select valid document type.,"Моля, изберете валиден тип документ."
Please set '{0}' in Company: {1},"Моля, въведете „{0}“ в полето „Компания: {1}“"
Please set Account,"Моля, създайте профил"
Please set Accounting Dimension {} in {},"Моля, задайте счетоводното измерение {} в {}"
Please set Customer Address to determine if the transaction is an export.,"Моля, въведете адреса на клиента, за да се определи дали транзакцията е износ."
Please set Dropbox access keys in site config or doctype,"Моля, задайте ключовете за достъп до Dropbox в конфигурацията на сайта или в doctype"
Please set Email/Phone for the contact,"Моля, въведете имейл адрес/телефонен номер за контакт"
Please set Fiscal Code for the customer '%s',"Моля, въведете данъчен код за клиента „%s“"
Please set Fiscal Code for the public administration '%s',"Моля, задайте фискален код за публичната администрация „%s“"
Please set Fixed Asset Account in Asset Category {0},"Моля, задайте сметката за дълготрайни активи в категорията активи {0}"
Please set Fixed Asset Account in {} against {}.,"Моля, задайте сметката за дълготрайни активи в {} срещу {}."
Please set Opening Number of Booked Depreciations,"Моля, задайте начален брой на записаните амортизации"
Please set Parent Row No for item {0},"Моля, задайте номер на родителския ред за елемент {0}"
Please set Root Type,"Моля, задайте типа на кореновата директория"
Please set Tax ID for the customer '%s',"Моля, въведете данъчен номер за клиента „%s“"
Please set VAT Accounts in {0},"Моля, задайте сметките за ДДС в {0}"
"Please set Vat Accounts for Company: ""{0}"" in UAE VAT Settings","Моля, задайте ДДС-сметки за фирмата: „{0}“ в настройките за ДДС в ОАЕ"
Please set a Cost Center for the Asset or set an Asset Depreciation Cost Center for the Company {},"Моля, задайте разходен център за актива или разходен център за амортизация на актива за компанията {}"
Please set a default Holiday List for Company {0},"Моля, задайте списък с празници по подразбиране за компания {0}"
Please set an Address on the Company '%s',"Моля, въведете адрес за фирмата „%s“"
Please set an Expense Account in the Items table,"Моля, задайте сметка за разходи в таблицата „Елементи“"
Please set both the Tax ID and Fiscal Code on Company {0},"Моля, въведете данъчния номер и фискалния код на компания {0}"
Please set default Exchange Gain/Loss Account in Company {},"Моля, задайте сметката за печалби/загуби от обмен по подразбиране в компания {}"
Please set default Expense Account in Company {0},"Моля, задайте сметка за разходи по подразбиране в компания {0}"
Please set default cost of goods sold account in company {0} for booking rounding gain and loss during stock transfer,"Моля, задайте сметката за себестойност на продадените стоки по подразбиране във фирма {0} за отразяване на приходите и разходите от закръгляване при прехвърляне на запаси"
Please set one of the following:,"Моля, изберете една от следните опции:"
Please set the cost center field in {0} or setup a default Cost Center for the Company.,"Моля, задайте полето „Център за разходи“ в {0} или задайте център за разходи по подразбиране за компанията."
Please set the document name,"Моля, въведете името на документа"
Please set {0} first.,"Моля, първо задайте {0}."
Please set {0} in BOM Creator {1},"Моля, задайте {0} в BOM Creator {1}"
Please set {0} in Company {1} to account for Exchange Gain / Loss,"Моля, задайте {0} във фирма {1}, за да се отчете печалбата/загубата от обмен"
Please set {0} to {1},"Моля, задайте {0} на {1}"
Please setup and enable a group account with the Account Type - {0} for the company {1},"Моля, създайте и активирайте групов акаунт с тип акаунт {0} за фирмата {1}"
Please setup default outgoing Email Account from Settings > Email Account,"Моля, настройте профила за изходяща поща по подразбиране от „Настройки“ > „Имейл профил“"
Please setup default outgoing Email Account from Tools > Email Account,"Моля, настройте профила за изходяща поща по подразбиране от менюто „Инструменти“ > „Имейл профил“"
Please share this email with your support team so that they can find and fix the issue.,"Моля, препратете този имейл на екипа за поддръжка, за да могат да открият и отстранят проблема."
Please specify a valid parent DocType for {0},"Моля, посочете валиден родителски DocType за {0}"
Please specify a {0} first.,"Моля, първо посочете {0}."
Please specify the field from which to attach files,"Моля, посочете полето, от което да се прикачат файловете"
Please try again in an hour.,"Моля, опитайте отново след един час."
Please update Repair Status.,"Моля, актуализирайте статуса на ремонта."
Please update {} before continuing.,"Моля, актуализирайте {} преди да продължите."
Please use a valid LDAP search filter,"Моля, използвайте валиден LDAP филтър за търсене"
Please use following links to download file backup.,"Моля, използвайте следните връзки, за да изтеглите резервното копие на файла."
Please visit https://frappecloud.com/docs/sites/migrate-an-existing-site#encryption-key for more information.,"За повече информация, моля, посетете https://frappecloud.com/docs/sites/migrate-an-existing-site#encryption-key."
Polling,Проучване на общественото мнение
Popover Element,Поповер елемент
Popover or Modal Description,Описание на прозореца „Popover“ или „Modal“
Portal User,Потребител на портала
Portal Users,Потребители на портала
Post it here,Публикувай го тук
Posting Date Inheritance for Exchange Gain / Loss,Наследяване на датата на осчетоводяване за печалба/загуба от обмен
Posting Datetime,Дата и час на публикуване
Posting Timestamp,Време на публикуване
Powered by {0},Създадено от {0}
Precision ({0}) for {1} cannot be greater than its length ({2}).,Точността ({0}) за {1} не може да бъде по-голяма от дължината му ({2}).
Prepared Report Analytics,Анализ на готови отчети
Prepared report render failed,Изготвянето на отчета се провали
Prepend the template to the email message,Добавете шаблона в началото на имейл съобщението
Preview Image,Изображение за преглед
Preview Mode,Режим на предварително преглед
Preview Required Materials,Преглед на необходимите материали
Preview of generated names,Преглед на генерираните имена
Preview type,Тип на предварителния преглед
Preview:,Преглед:
Previous Document,Предишен документ
Previous Qty,Предишно количество
Previous Submission,Предишно подаване
Previous Year is not closed,Предишната година не е приключена
Price ({0}),Цена ({0})
Price List Defaults,Стандартни настройки на ценоразписа
Price Per Unit ({0}),Цена за бройка ({0})
Price is not set for the item.,Цената на артикула не е определена.
Primary Address and Contact,Основен адрес и данни за връзка
Primary Contact,Основно лице за контакт
Primary Email,Основен имейл адрес
Primary Mobile,Основен мобилен телефон
Primary Party,Основна партия
Primary Phone,Основен телефон
Primary Role,Основна длъжност
Print Format Builder Beta,Конструктор на формати за печат (бета версия)
Print Format Error,Грешка във формата на печат
Print Format Field Template,Шаблон за поле за формат на печат
Print Format For,Формат за печат за
Print Format not found,Не е намерен формат за печат
Print Receipt on Order Complete,Отпечатване на разписка при завършване на поръчката
Print document,Отпечатай документа
Printed on {0},Отпечатано на {0}
Printer mapping not set.,Не е зададено съответствие на принтера.
Priority cannot be lesser than 1.,Приоритетът не може да бъде по-малък от 1.
Priority is mandatory,Приоритетът е задължителен
Private Files (MB),Лични файлове (МБ)
Private Files Backup:,Архивиране на лични файлове:
Probability,Вероятност
Procedures dropped,Отменени процедури
Proceed,Продължи
Process Loss,Загуби при преработката
Process Loss Percentage cannot be greater than 100,Процентът на загубите в процеса не може да надвишава 100
Process Loss Qty,Количество загуби при преработката
Process Loss Report,Отчет за производствени загуби
Process Loss Value,Стойност на производствените загуби
Process Payment Reconciliation,Сравняване на плащанията
Process Payment Reconciliation Log,Регистър за съгласуване на плащанията
Process Payment Reconciliation Log Allocations,Обработка на разпределенията в дневника за съгласуване на плащанията
Process Period Closing Voucher,Документ за приключване на периода
Process Period Closing Voucher Detail,Подробности за разплащателния документ за приключване на периода
Process Statement Of Accounts CC,Обработка на счетоводната отчетност CC
Process Subscription,Абонамент за процеса
Process in Single Transaction,Обработка в една транзакция
Processed BOMs,Обработени спецификации
Processing Date,Дата на обработка
Processing Sales! Please Wait...,"Обработват се продажбите! Моля, изчакайте..."
Produced / Received Qty,Произведено / Получено количество
Product Price ID,Идентификационен номер на продукта
Production Plan Already Submitted,Производственият план вече е подаден
Production Plan Item Reference,Референтен номер на позиция в производствения план
Production Plan Qty,Брой по производствен план
Production Plan Sub Assembly Item,Елемент от подсглобка в производствения план
Production Plan Sub-assembly Item,Елемент от подсглобка в производствения план
Production Plan Summary,Обобщение на производствения план
Profile,Профил
Profit and Loss Summary,Обобщение на приходите и разходите
Progress (%),Напредък (%)
Project Progress:,Напредък по проекта:
Prompt Qty,Брой
Prospect,Перспектива
Prospect Lead,Потенциален клиент
Prospect Opportunity,Възможност за потенциални клиенти
Prospect Owner,Потенциален собственик
Prospect {0} already exists,Профилът {0} вече съществува
Protect Attached Files,Защита на прикачените файлове
Protected File,Защитен файл
Provide a list of allowed file extensions for file uploads. Each line should contain one allowed file type. If unset,Посочете списък с разрешените разширения за качване на файлове. Всеки ред трябва да съдържа един разрешен тип файл. Ако не е зададен
Provisional Account,Временна сметка
Provisional Expense Account,Временна сметка за разходи
Public Files (MB),Общи файлове (МБ)
Public Files Backup:,Архивиране на обществено достъпни файлове:
Publish as a web page,Публикувай като уеб страница
Publisher,Издател
Publisher ID,Идентификационен номер на издателя
Publishing Dates,Дати на публикуване
Pull Emails,Изтегляне на имейли
Pulling emails...,Извличане на имейли...
Purchase Order Item reference is missing in Subcontracting Receipt {0},В разписката за подизпълнение липсва референтен номер на позицията от поръчката {0}
Purchase Orders {0} are un-linked,Поръчките {0} не са свързани
Purchase Receipt (Draft) will be auto-created on submission of Subcontracting Receipt.,При подаване на разписката за подизпълнение автоматично ще бъде създадена разписка за покупка (чернова).
Purchase Receipt {0} created.,Създадена е разписка за покупка {0}.
Purchase Value,Стойност на покупката
Purchases,Покупки
Purposes Required,Задължителни цели
Push Notification Settings,Настройки за известия
Put on Hold,В очакване
Putaway Rule,Правило за складиране
Putaway Rule already exists for Item {0} in Warehouse {1}.,За артикул {0} в склад {1} вече съществува правило за складиране.
Python,Python
Qty,Брой
Qty (Company),Брой (Фирма)
Qty (Warehouse),Брой (Склад)
Qty (in Stock UOM),Брой (в единица мярка на наличността)
Qty After Transaction,Брой след транзакцията
Qty As Per BOM,Брой съгласно спецификацията
Qty Change,Промяна на количеството
Qty In Stock,Наличност
Qty Per Unit,Брой на единица
Qty To Manufacture ({0}) cannot be a fraction for the UOM {2}. To allow this,Произвежданото количество ({0}) не може да бъде дробно число за единицата мярка {2}. За да се позволи това
Qty To Manufacture in the job card cannot be greater than Qty To Manufacture in the work order for the operation {0}. <br><br><b>Solution: </b> Either you can reduce the Qty To Manufacture in the job card or set the 'Overproduction Percentage For Work Order' in the {1}.,"Количеството за производство в производствената карта не може да бъде по-голямо от количеството за производство в производствената поръчка за операция {0}.   B Решение:B  Можете или да намалите количеството за производство в производствената карта, или да зададете „Процент на свръхпроизводство за производствена поръчка“ в {1}."
Qty To Produce,Брой за производство
Qty Wise Chart,Диаграма по бройки
Qty and Rate,Брой и цена
Qty as Per Stock UOM,Брой според единицата за измерване на наличността
Qty for which recursion isn't applicable.,"Количество, за което рекурсията не е приложима."
Qty in Stock UOM,Наличност в брой Единица мярка
Qty of Finished Goods Item should be greater than 0.,Количеството на артикула „Готова продукция“ трябва да е по-голямо от 0.
Qty to Be Consumed,Количество за консумация
Qty to Build,Брой за производство
Qty to Fetch,Брой за изтегляне
Qty to Produce,Брой за производство
Qualification Status,Статус на квалификацията
Qualified,Квалифициран
Qualified By,Сертифицирано от
Qualified on,Квалифициран на
Quality Inspection Parameter,Параметри за проверка на качеството
Quality Inspection Parameter Group,Група параметри за проверка на качеството
Quality Inspection Settings,Настройки за проверка на качеството
Quality Inspection(s),Контрол на качеството
Quantity (A - B),Количество (А – Б)
Quantity is required,Трябва да се въведе количество
Quantity must be greater than zero,Количеството трябва да е по-голямо от нула
Quantity to Produce should be greater than zero.,Произвежданото количество трябва да е по-голямо от нула.
Quantity to Scan,Брой за сканиране
Quarter {0} {1},Тримесечие {0} {1}
Query Parameters,Параметри на заявката
Query analysis complete. Check suggested indexes.,Анализът на заявката приключи. Проверете предложените индекси.
Query must be of SELECT or read-only WITH type.,Заявката трябва да е от типа SELECT или WITH само за четене.
Queue,Опашка
Queue Overloaded,Опашката е претоварена
Queue Size should be between 5 and 100,Размерът на опашката трябва да е между 5 и 100
Queue Status,Статус на опашката
Queue Type(s),Тип(ове) на опашката
Queue in Background (BETA),Опашка във фонов режим (БЕТА)
Queue(s),Опашка(и)
Queued At,В опашката при
Queued By,Добавено от
Queued for Submission. You can track the progress over {0}.,В очакване на подаване. Можете да следите напредъка в {0}.
Queued {0} emails,В опашката има {0} имейла
Queues,Опашки
Queuing emails...,Изчакващи имейли...
Queuing {0} for Submission,Очаква {0} за подаване
Quick List Filter,Филтър за бърз списък
Quick Lists,Бързи списъци
Quick Ratio,Коефициент на бърза ликвидност
Quotation Number,Номер на офертата
Quoted Amount,Цитирана сума
Quoting must be between 0 and 3,Броят на кавичките трябва да е между 0 и 3
RQ Job,RQ Работа
RQ Worker,Работник в RQ
Rank,Задължително
Rate Limiting,Ограничаване на честотата
Rate Limits,Ограничения на честотата
Rate Section,Раздел „Тарифи“
Rate limit for email link login,Ограничение на броя на опитите за вход чрез линк в имейл
Rate of '{}' items cannot be changed,Стойността на елементите от типа „{}“ не може да бъде променяна
Rate of Depreciation (%),Амортизационна ставка (%)
Rate of Stock UOM,Цена на единица мярка на запасите
Ratios,Коефициенти
Raw Material Cost Per Qty,Цена на суровината за брой
Raw Material Item,Суровина
Raw Material Value,Стойност на суровините
Raw Materials Actions,"Действия, свързани със суровините"
Raw Materials Consumption,Разход на суровини
Raw Materials Missing,Липсват суровини
Raw Materials Warehouse,Склад за суровини
Raw Printing Setting,Настройки за печат на необработени файлове
Raw Printing Settings,Настройки за печат на необработени изображения
Raw SQL,Суров SQL
Raw materials consumed qty will be validated based on FG BOM required qty,Използваното количество суровини ще бъде проверено въз основа на необходимото количество в спецификацията на крайния продукт
Re-Run in Console,Изпълни отново в конзолата
Re:,Относно:
Reached Root,Достигнат корен
Read Only Depends On (JS),Зависимост само за четене (JS)
Read Only Mode,Режим само за четене
Read mode,Режим на четене
Read the documentation to know more,"Прочетете документацията, за да научите повече"
Reading Value,Стойност на отчитането
Readme,Прочетете ме
Realtime (SocketIO),В реално време (SocketIO)
Reason for hold:,Причина за задържане:
Rebuild Tree,Възстановяване на дървото
Rebuilding BTree for period ...,Преизграждане на BTree за периода ...
Rebuilding of tree is not supported for {},Възстановяването на дърво не се поддържа за {}
Recalculate Batch Qty,Преизчисли количеството в партидата
Recalculate Bin Qty,Преизчислено количество в кутия
Recalculate Incoming/Outgoing Rate,Преизчислете курса на входящите/изходящите плащания
Receivable/Payable Account,Сметка за вземания/задължения
Receivable/Payable Account: {0} doesn't belong to company {1},Сметка за вземания/задължения: {0} не принадлежи на фирма {1}
Received Amount After Tax,Получена сума след данъци
Received Amount After Tax (Company Currency),Получена сума след данъци (валута на компанията)
Received Amount cannot be greater than Paid Amount,Получената сума не може да надвишава изплатената сума
Received Qty in Stock UOM,Получено количество на склад Единица мярка
Received an invalid token type.,Получен е невалиден тип токен.
Recent Orders,Последни поръчки
Recent Transactions,Последни транзакции
Recents,Последните
Recipient Account Field,Поле „Сметка на получателя“
Reconcile All Serial Nos / Batches,Съвпадение на всички серийни номера / партиди
Reconcile Effect On,Ефект на съгласуване
Reconcile on Advance Payment Date,Съгласуване на датата на авансовото плащане
Reconcile the Bank Transaction,Съгласуване на банковата транзакция
Reconciled Entries,Съгласувани записи
Reconciliation Date,Дата на привеждане в съответствие
Reconciliation Error Log,Регистър на грешките при съгласуването
Reconciliation Logs,Регистри за съгласуване
Reconciliation Progress,Напредък в процеса на помирение
Reconciliation Queue Size,Размер на опашката за съгласуване
Reconciliation Takes Effect On,Поправката влиза в сила на
Recorder Query,Заявка за регистратор
Recorder Suggested Index,Предлаган индекс за записващото устройство
Recording HTML,Записване на HTML
Recoverable Standard Rated expenses should not be set when Reverse Charge Applicable is Y,"Не трябва да се задават възстановими разходи по стандартна ставка, когато полето „Приложимо ли е обратното начисляване“ е с стойност „Да“"
Recreate Stock Ledgers,Възстановяване на счетоводните книги
Recurse Every (As Per Transaction UOM),Повтори за всеки (съгласно единицата за измерване на транзакцията)
Recurse Over Qty cannot be less than 0,Рекурсията върху Qty не може да бъде по-малка от 0
Recursive Discounts with Mixed condition is not supported by the system,Системата не поддържа рекурсивни отстъпки със смесени условия
Recursive Fetch From,Рекурсивно извличане от
Redirect HTTP Status,Статус на пренасочване по HTTP
Redirect To Path,Пренасочване към пътя
Redirect URI,URI за пренасочване
Redirect to the selected app after login,Пренасочване към избраното приложение след влизане в системата
Redirect to this URL after successful confirmation.,Пренасочете към този URL адрес след успешно потвърждение.
Redirects,Пренасочвания
Redo,Готов
Redo last action,Повтори последното действие
Referance Doctype and Dashboard Name both can't be used at the same time.,Документният тип „Referance“ и името на таблото не могат да се използват едновременно.
Reference Date for Early Payment Discount,Дата за отчитане на отстъпката за предсрочно плащане
Reference Detail,Подробности за препратката
Reference Doc,Референтен документ
Reference Exchange Rate,Референтен обменен курс
Reference No,Референтен номер
Reference number of the invoice from the previous system,Референтен номер на фактурата от предишната система
References to Sales Invoices are Incomplete,Позоваванията към фактурите за продажби са непълни
References to Sales Orders are Incomplete,Позоваванията към поръчките за продажби са непълни
References {0} of type {1} had no outstanding amount left before submitting the Payment Entry. Now they have a negative outstanding amount.,Референциите {0} от тип {1} нямаха неизплатена сума преди подаването на платежната операция. Сега те имат отрицателна неизплатена сума.
Refresh List,Опресни списъка
Refresh Plaid Link,Опресни връзката към Plaid
Regenerate Closing Stock Balance,Възстановяване на крайното салдо на запасите
Rejected,Отхвърлено
Rejected Serial and Batch Bundle,Отхвърлен пакет от серийни и партидни продукти
Rejected Warehouse and Accepted Warehouse cannot be same.,Складът на отхвърлените стоки и складът на приетите стоки не могат да бъдат един и същ.
Relay Server URL missing,Липсва URL адресът на релейния сървър
Relay Settings,Настройки на релето
Release Notes,Бележки към версията
Reload List,Опресни списъка
Reload Report,Презареждане на отчета
Remarks Column Length,Дължина на колоната „Забележки“
Remind At,Напомни ми в
Remind Me,Напомни ми
Remind Me In,Напомни ми
Reminder,Напомняне
Reminder cannot be created in past.,Напомняне не може да се създаде за миналото.
Reminder set at {0},"Напомняне, зададено на {0}"
Remove Failed Jobs,Премахване на неуспешни задачи
Remove Parent Row No in Items Table,Премахване на номера на родителския ред в таблицата с елементи
Remove all fields in the column,Изтрийте всички полета в колоната
Remove column,Премахване на колона
Remove field,Премахване на поле
Remove last column,Премахване на последната колона
Remove page break,Премахване на разделител на страници
Remove section,Премахване на раздел
Remove tab,Премахване на раздела
Removing rows without exchange gain or loss,Премахване на редове без печалба или загуба от обмен
Rename Fieldname,Преименувай „Fieldname“
Rename jobs for doctype {0} have been enqueued.,Задачите за преименуване за doctype {0} са добавени в опашката.
Rename jobs for doctype {0} have not been enqueued.,Задачите за преименуване за doctype {0} не са добавени в опашката.
Render labels to the left and values to the right in this section,"В тази секция етикетите да се показват отляво, а стойностите – отдясно"
Repair Asset,Ремонт на оборудване
Repair Details,Подробности за ремонта
Repeat Header and Footer,Повтаряне на заглавие и подзаглавие
Repeat on Days,Повтаряйте всеки ден
Report Error,Докладвай грешка
Report Name,Име на доклада
Report Ref DocType,Доклад – Референтен тип документ
Report View,Преглед на доклада
Report an Issue,Докладване на проблем
Report initiated,Докладът е стартиран
Report limit reached,Достигнат е лимитът за доклади
Report timed out.,Изтече времето за изчакване на отчета.
Report {0} deleted,Доклад {0} е изтрит
Report {0} saved,Докладът {0} е запазен
Repost Accounting Ledger,Препубликуване на счетоводната книга
Repost Accounting Ledger Items,Прехвърляне на счетоводни сметки
Repost Accounting Ledger Settings,Презареждане на настройките на счетоводната книга
Repost Allowed Types,"Типове, за които е разрешено препубликуването"
Repost Error Log,Презареждане на дневника за грешки
Repost Item Valuation,Преоценка на стоките
Repost Payment Ledger,Препубликуване на счетоводната книга за плащанията
Repost Payment Ledger Items,Прехвърляне на позиции от счетоводната книга за плащания
Repost Status,Статус на препубликуване
Repost has started in the background,Презареждането започна на заден план
Repost in background,Презареждане на заден план
Repost started in the background,Презареждането започна на заден план
Reposting Completed {0}%,Презареждането приключи {0}%
Reposting Data File,Презареждане на файл с данни
Reposting Info,Информация за препубликуването
Reposting Progress,Напредък при препубликуването
Reposting entries created: {0},Брой препубликувани записи: {0}
Reposting has been started in the background.,Презареждането започна на заден план.
Reposting in the background.,Презареждане във фонов режим.
Represents a Financial Year. All accounting entries and other major transactions are tracked against the Fiscal Year.,Представлява финансова година. Всички счетоводни записи и други значими операции се отчитат спрямо финансовата година.
Request Account Deletion,Заявка за изтриване на профил
Request Body,Текст на заявката
Request Description,Описание на заявката
Request Headers,Заглавията на заявките
Request ID,Идентификационен номер на заявката
Request Limit,Ограничение на заявките
Request Method,Метод на заявката
Request Parameters,Параметри на заявката
Request Timeout,Изтичане на времето за изчакване на заявката
Requires any valid fdn path. i.e. ou=groups,"Изисква валиден FDN път, например: ou=groups"
Requires any valid fdn path. i.e. ou=users,"Изисква валиден FDN път, например: ou=users"
Reservation Based On,Резервация въз основа на
Reserve,Резерв
Reserve Stock,Резервен запас
Reserved Qty ({0}) cannot be a fraction. To allow this,Запазеното количество ({0}) не може да бъде дробно число. За да се позволи това
Reserved Qty for Production Plan,Запазено количество за производствения план
Reserved Qty for Subcontract,Запазено количество за подизпълнител
Reserved Qty should be greater than Delivered Qty.,Запазеното количество трябва да е по-голямо от доставеното количество.
Reserved Serial No.,Запазен сериен номер
Reserved Stock,Запас за резерва
Reserved Stock for Batch,"Запас, запазен за партида"
Reserved for POS Transactions,Запазено за POS транзакции
Reserved for Production,Запазено за производство
Reserved for Production Plan,Запазено за производствен план
Reserved for Sub Contracting,Запазено за подизпълнители
Reserving Stock...,Запазване на стока...
Reset All Customizations,Възстановяване на всички настройки
Reset Changes,Възстановяване на промените
Reset Company Default Values,Възстановяване на фабричните настройки на компанията
Reset Dashboard Customizations,Възстановяване на настройките на таблото
Reset Layout,Възстановяване на оформлението
Reset Password Link Expiry Duration,Срок на валидност на линка за нулиране на паролата
Reset Password Template,Шаблон за възстановяване на парола
Reset Plaid Link,Възстановяване на връзката с Plaid
Reset Raw Materials Table,Нулиране на таблицата със суровините
Reset To Default,Възстановяване на фабричните настройки
Reset sorting,Възстановяване на сортирането
Reset the password for your account,Възстановете паролата за профила си
Reset to default,Възстановяване на фабричните настройки
Resolution Due,Краен срок за вземане на решение
Response,Отговор
Response and Resolution,Реакция и разрешаване
Rest of the day,Останалата част от деня
Restart,Рестартиране
Restore Asset,Възстановяване на актив
Restrict,Ограничи
Restrict Items Based On,Ограничаване на елементите въз основа на
Result,Резултат
Result Key,Ключ за резултатите
Resume Job,Възобновяване на работа
Resume Timer,Обобщение на урока
Retried,Опитано отново
Retry Failed Transactions,Опит за повторно изпълнение на неуспешни транзакции
Retry Sending,Опитай отново
Return Against,Връщане срещу
Return Against Subcontracting Receipt,Разписка за връщане при подизпълнение
Return Components,Връщане на компоненти
Return Issued,Възстановена сума
Return Qty,Брой за връщане
Return Qty from Rejected Warehouse,Връщане на количество от склада за бракувани стоки
Return invoice of asset cancelled,Фактура за връщане на анулиран актив
Return of Components,Връщане на компоненти
Return on Asset Ratio,Коефициент на възвръщаемост на активите
Return on Equity Ratio,Коефициент на възвръщаемост на собствения капитал
Returned,Върнати
Returned Against,Възвратено срещу
Returned Qty,Върнато количество
Returned Qty in Stock UOM,Върнато количество на склад (единица мярка)
Returned exchange rate is neither integer not float.,"Върнатият обменен курс не е нито цяло число, нито число с плаваща запетая."
Revaluation Journals,Дневници за преоценка
Revaluation Surplus,Преоценителна разлика
Revenue,Приходи
Reversal Of,Отмяна на
Revocation URI,URI за отмяна
Right Bottom,Вдясно долу
Right Center,Вдясно в центъра
Right Child,„Правото на детето“
Role 'All' will be given to all system + website users.,Ролята „Всички“ ще бъде предоставена на всички потребители на системата и уебсайта.
Role 'Desk User' will be given to all system users.,На всички потребители на системата ще бъде присвоена ролята „Потребител на работен плот“.
Role Allowed to Create/Edit Back-dated Transactions,Роля с право да създава/редактира транзакции с дата в миналото
Role Allowed to Over Bill,"Длъжност, за която е разрешено надвишаване на сумата"
Role Allowed to Over Deliver/Receive,"Роля, на която е разрешено да доставя/получава повече от предвиденото"
Role Allowed to Override Stop Action,"Роля, на която е разрешено да отмени действието „Спиране“"
Role allowed to bypass Credit Limit,"Роля, която има право да заобикаля кредитния лимит"
Role has been set as per the user type {0},Ролята е зададена според типа на потребителя {0}
Roles & Permissions,Роли и права
Root,Корен
Root Type for {0} must be one of the Asset,Типът на кореновата директория за {0} трябва да бъде един от следните: Asset
Round Free Qty,Брой безплатни бройки
Round Off Tax Amount,Закръгляване на данъчната сума
Round Off for Opening,Завършване за откриване
Round Tax Amount Row-wise,Окръгляване на данъчната сума по редове
Rounding Loss Allowance,Корекция за закръгляване
Rounding Loss Allowance should be between 0 and 1,Допустимата загуба при закръгляване трябва да е между 0 и 1
Rounding Method,Метод на закръгляване
Rounding gain/loss Entry for Stock Transfer,Закръгляване на печалбата/загубата при вписване на прехвърляне на акции
"Route: Example ""/app""",Път: Пример „/app“
Row # {0}: Non administrator user can not set the role {1} to the custom doctype,Ред № {0}: Потребител без администраторски права не може да зададе ролята {1} за потребителския тип документ
Row # {0}: Please add Serial and Batch Bundle for Item {1},"Ред № {0}: Моля, добавете сериен номер и партиден номер за артикул {1}"
Row # {0}: Please enter quantity for Item {1} as it is not zero.,"Ред № {0}: Моля, въведете количеството за артикул {1}, тъй като то не е нула."
Row #1: Sequence ID must be 1 for Operation {0}.,Ред № 1: Идентификаторът на последователността трябва да е 1 за операция {0}.
Row #{0}: A reorder entry already exists for warehouse {1} with reorder type {2}.,Ред #{0}: Вече съществува запис за повторна поръчка за склад {1} с тип повторна поръчка {2}.
Row #{0}: Acceptance Criteria Formula is incorrect.,Ред #{0}: Формулата за критериите за приемане е неправилна.
Row #{0}: Acceptance Criteria Formula is required.,Ред #{0}: Задължително е да се въведе формула за критериите за приемане.
Row #{0}: Accepted Warehouse and Rejected Warehouse cannot be same,Ред #{0}: Складът за приемане и складът за отхвърляне не могат да бъдат един и същ
Row #{0}: Accepted Warehouse is mandatory for the accepted Item {1},Ред #{0}: Полето „Приет склад“ е задължително за приетия артикул {1}
Row #{0}: Allocated Amount cannot be greater than Outstanding Amount of Payment Request {1},Ред #{0}: Разпределената сума не може да надвишава неизплатената сума по платежното искане {1}
Row #{0}: Allocated amount:{1} is greater than outstanding amount:{2} for Payment Term {3},Ред #{0}: Разпределената сума:{1} е по-голяма от неизплатената сума:{2} за срок на плащане {3}
Row #{0}: Amount must be a positive number,Ред #{0}: Сумата трябва да е положително число
Row #{0}: Asset {1} cannot be sold,Ред #{0}: Активът {1} не може да бъде продаден
Row #{0}: Asset {1} is already sold,Ред #{0}: Активът {1} вече е продаден
Row #{0}: BOM is not specified for subcontracting item {0},Ред #{0}: Не е посочена спецификация за позиция {0} за възлагане на подизпълнител
Row #{0}: Batch No {1} is already selected.,Ред #{0}: Партида № {1} вече е избрана.
Row #{0}: Cannot allocate more than {1} against payment term {2},Ред #{0}: Не е възможно да се отпуснат повече от {1} при условията на плащане {2}
Row #{0}: Cannot delete item {1} which is already ordered against this Sales Order.,"Ред #{0}: Не може да се изтрие артикул {1}, тъй като той вече е включен в тази поръчка за продажби."
Row #{0}: Cannot set Rate if the billed amount is greater than the amount for Item {1}.,"Ред #{0}: Не може да се зададе ставка, ако фактурираната сума е по-голяма от сумата за позиция {1}."
Row #{0}: Cannot transfer more than Required Qty {1} for Item {2} against Job Card {3},"Ред #{0}: Не може да се прехвърли количество, по-голямо от изискваното {1} за артикул {2} по работна карта {3}"
Row #{0}: Consumed Asset {1} cannot be Draft,Ред #{0}: Използваният ресурс {1} не може да бъде в чернова
Row #{0}: Consumed Asset {1} cannot be cancelled,Ред #{0}: Използваният актив {1} не може да бъде отменен
Row #{0}: Consumed Asset {1} cannot be the same as the Target Asset,Ред #{0}: Използваният актив {1} не може да съвпада с целевия актив
Row #{0}: Consumed Asset {1} cannot be {2},Ред #{0}: Използваният ресурс {1} не може да бъде {2}
Row #{0}: Consumed Asset {1} does not belong to company {2},Ред #{0}: Използваният актив {1} не принадлежи на компания {2}
Row #{0}: Cumulative threshold cannot be less than Single Transaction threshold,Ред #{0}: Кумулативният праг не може да бъде по-малък от прага за единична транзакция
Row #{0}: Dates overlapping with other row,Ред #{0}: Датите се припокриват с тези в друг ред
Row #{0}: Default BOM not found for FG Item {1},Ред #{0}: Не е намерена стандартна спецификация за артикул {1}
Row #{0}: Depreciation Start Date is required,Ред #{0}: Полето „Дата на начало на амортизацията“ е задължително
Row #{0}: Expense Account not set for the Item {1}. {2},Ред #{0}: Не е зададена сметка за разходи за артикула {1}. {2}
Row #{0}: Finished Good Item Qty can not be zero,Ред #{0}: Броят на готовите изделия не може да бъде нула
Row #{0}: Finished Good Item is not specified for service item {1},Ред #{0}: За услугата {1} не е посочен готов продукт
Row #{0}: Finished Good Item {1} must be a sub-contracted item,Ред #{0}: Готовият продукт {1} трябва да бъде изработен от подизпълнител
Row #{0}: Finished Good reference is mandatory for Scrap Item {1}.,Ред #{0}: За отпадъчния артикул {1} е задължително да има справка за готовата продукция.
Row #{0}: For {1} Clearance date {2} cannot be before Cheque Date {3},Ред #{0}: За {1} Датата на изчистване {2} не може да бъде преди датата на чека {3}
Row #{0}: For {1},Ред #{0}: За {1}
Row #{0}: For {1},Ред #{0}: За {1}
Row #{0}: Frequency of Depreciation must be greater than zero,Ред #{0}: Честотата на амортизацията трябва да е по-голяма от нула
Row #{0}: From Date cannot be before To Date,Ред #{0}: Началната дата не може да е по-ранна от крайната дата
Row #{0}: From Time and To Time fields are required,Ред #{0}: Полетата „От“ и „До“ са задължителни
Row #{0}: Item {1} does not exist,Ред #{0}: Елемент {1} не съществува
Row #{0}: Item {1} has been picked,Ред #{0}: Артикул {1} е подбран
Row #{0}: Item {1} has no stock in warehouse {2}.,Ред #{0}: Артикул {1} е изчерпан в склад {2}.
Row #{0}: Item {1} in warehouse {2}: Available {3},Ред #{0}: Артикул {1} в склад {2}: Наличен {3}
Row #{0}: Item {1} is not a service item,Ред #{0}: Артикул {1} не е услуга
Row #{0}: Item {1} is not a stock item,Ред #{0}: Артикул {1} не е на склад
Row #{0}: Next Depreciation Date cannot be before Available-for-use Date,Ред #{0}: Следващата дата за амортизация не може да бъде преди датата на въвеждане в експлоатация
Row #{0}: Next Depreciation Date cannot be before Purchase Date,Ред #{0}: Следващата дата за амортизация не може да бъде преди датата на покупка
Row #{0}: Only {1} available to reserve for the Item {2},Ред #{0}: Остават само {1} бройки за резервация на артикул {2}
Row #{0}: Please select Item Code in Assembly Items,"Ред #{0}: Моля, изберете код на артикула в списъка с компоненти"
Row #{0}: Please select the BOM No in Assembly Items,"Ред #{0}: Моля, изберете номера на спецификацията в елементите на сглобката"
Row #{0}: Please select the Sub Assembly Warehouse,"Ред #{0}: Моля, изберете склада за подкомплекти"
Row #{0}: Please update deferred revenue/expense account in item row or default account in company master,"Ред #{0}: Моля, актуализирайте сметката за отложени приходи/разходи в реда на позицията или сметката по подразбиране в основния файл на фирмата"
Row #{0}: Qty increased by {1},Ред #{0}: Количеството се увеличи с {1}
Row #{0}: Qty must be a positive number,Ред #{0}: Броят трябва да е положително число
Row #{0}: Qty should be less than or equal to Available Qty to Reserve (Actual Qty - Reserved Qty) {1} for Iem {2} against Batch {3} in Warehouse {4}.,Ред #{0}: Количеството трябва да е по-малко или равно на наличното количество за резервиране (действително количество – резервирано количество) {1} за артикул {2} от партида {3} в склад {4}.
Row #{0}: Quality Inspection is required for Item {1},Ред #{0}: За артикул {1} се изисква проверка на качеството
Row #{0}: Quality Inspection {1} is not submitted for the item: {2},Ред #{0}: Проверката на качеството {1} не е подадена за артикула: {2}
Row #{0}: Quality Inspection {1} was rejected for item {2},Ред #{0}: Проверката на качеството {1} беше отхвърлена за артикул {2}
Row #{0}: Quantity cannot be a non-positive number. Please increase the quantity or remove the Item {1},"Ред #{0}: Количеството не може да бъде отрицателно число. Моля, увеличете количеството или премахнете артикул {1}"
Row #{0}: Quantity to reserve for the Item {1} should be greater than 0.,"Ред #{0}: Количеството, което трябва да се запази за артикула {1}, трябва да е по-голямо от 0."
Row #{0}: Rate must be same as {1}: {2} ({3} / {4}),Ред #{0}: Стойността трябва да е същата като {1}: {2} ({3} / {4})
Row #{0}: Received Qty must be equal to Accepted + Rejected Qty for Item {1},Ред #{0}: Полученото количество трябва да е равно на сумата от приетото и отхвърленото количество за артикул {1}
Row #{0}: Rejected Qty cannot be set for Scrap Item {1}.,Ред #{0}: Не може да се зададе количество за бракувана единица {1}.
Row #{0}: Rejected Warehouse is mandatory for the rejected Item {1},Ред #{0}: Полето „Отхвърлен склад“ е задължително за отхвърления артикул {1}
Row #{0}: Return Against is required for returning asset,Ред #{0}: За връщането на актива е необходимо да се посочи получател
Row #{0}: Scrap Item Qty cannot be zero,Ред #{0}: Броят на отпадъчните артикули не може да бъде нула
Row #{0}: Selling rate for item {1} is lower than its {2}.|||					Selling {3} should be atleast {4}.<br><br>Alternatively,Ред #{0}: Цената на продажба на артикул {1} е по-ниска от {2}.||| Цената на продажба на {3} трябва да бъде поне {4}.  Алтернативно
Row #{0}: Sequence ID must be {1} or {2} for Operation {3}.,Ред #{0}: Идентификаторът на последователността трябва да бъде {1} или {2} за операция {3}.
Row #{0}: Serial No {1} for Item {2} is not available in {3} {4} or might be reserved in another {5}.,Ред #{0}: Серийният номер {1} за артикул {2} не е наличен в {3} {4} или може да е запазен в друг {5}.
Row #{0}: Serial No {1} is already selected.,Ред #{0}: Серийният номер {1} вече е избран.
Row #{0}: Source and Target Warehouse cannot be the same for Material Transfer,Ред #{0}: Изходният и целевият склад не могат да бъдат едни и същи при прехвърляне на материали
Row #{0}: Source,Ред #{0}: Източник
Row #{0}: Start Time must be before End Time,Ред #{0}: Началната дата трябва да е преди крайната дата
Row #{0}: Status is mandatory,Ред #{0}: Полето „Статус“ е задължително
Row #{0}: Stock cannot be reserved for Item {1} against a disabled Batch {2}.,Ред #{0}: Не е възможно да се запази стока за артикул {1} към деактивирана партида {2}.
Row #{0}: Stock cannot be reserved for a non-stock Item {1},"Ред #{0}: Не е възможно да се запази наличност за артикул {1}, който не е на склад"
Row #{0}: Stock cannot be reserved in group warehouse {1}.,Ред #{0}: Стоката не може да бъде запазена в груповия склад {1}.
Row #{0}: Stock is already reserved for the Item {1}.,Ред #{0}: За артикула {1} вече има запас.
Row #{0}: Stock is reserved for item {1} in warehouse {2}.,Ред #{0}: Запасът за артикул {1} е запазен в склад {2}.
Row #{0}: Stock not available to reserve for Item {1} against Batch {2} in Warehouse {3}.,Ред #{0}: Стоката не може да бъде запазена за артикул {1} от партида {2} в склад {3}.
Row #{0}: Stock not available to reserve for the Item {1} in Warehouse {2}.,Ред #{0}: Стоката {1} в склад {2} не може да бъде запазена.
Row #{0}: The warehouse {1} is not a child warehouse of a group warehouse {2},Ред #{0}: Складът {1} не е подчинен склад на групов склад {2}
Row #{0}: Total Number of Depreciations must be greater than zero,Ред #{0}: Общият брой на амортизационните отчисления трябва да е по-голям от нула
Row #{0}: Warehouse {1} does not match with the warehouse {2} in Serial and Batch Bundle {3}.,Ред #{0}: Склад {1} не съвпада със склада {2} в серийния и партиден пакет {3}.
Row #{0}: You cannot use the inventory dimension '{1}' in Stock Reconciliation to modify the quantity or valuation rate. Stock reconciliation with inventory dimensions is intended solely for performing opening entries.,"Ред #{0}: Не можете да използвате инвентарното измерение „{1}“ в „Сравняване на запасите“, за да промените количеството или оценъчния коефициент. Сравняването на запасите с инвентарни измерения е предназначено единствено за въвеждане на начални записи."
Row #{0}: You must select an Asset for Item {1}.,Ред #{0}: Трябва да изберете ресурс за елемент {1}.
Row #{0}: {1} is not a valid reading field. Please refer to the field description.,"Ред #{0}: {1} не е валидно поле за въвеждане на данни. Моля, вижте описанието на полето."
Row #{0}: {1} of {2} should be {3}. Please update the {1} or select a different account.,"Ред #{0}: {1} от {2} трябва да бъде {3}. Моля, актуализирайте {1} или изберете друг акаунт."
Row #{0}:Quantity for Item {1} cannot be zero.,Ред #{0}: Количеството за артикул {1} не може да бъде нула.
Row #{1}: Warehouse is mandatory for stock Item {0},Ред #{1}: Полето „Склад“ е задължително за артикул {0}
Row #{}: Fieldname is required,Ред #{}: Полето „Име на полето“ е задължително
Row #{}: Finance Book should not be empty since you're using multiple.,"Ред #{}: Книгата „Финанси“ не трябва да е празна, тъй като използвате няколко."
Row #{}: Please use a different Finance Book.,"Ред #{}: Моля, използвайте друга счетоводна книга."
Row #{}: The original Invoice {} of return invoice {} is not consolidated.,Ред #{}: Оригиналната фактура {} на фактурата за връщане {} не е включена в обобщението.
Row #{}: item {} has been picked already.,Ред #{}: артикул {} вече е взет.
Row #{}: {} {} doesn't belong to Company {}. Please select valid {}.,"Ред #{}: {} {} не принадлежи към компания {}. Моля, изберете валидна {}."
Row Format,Формат на редовете
Row Indexes,Индекси на редове
Row No {0}: Warehouse is required. Please set a Default Warehouse for Item {1} and Company {2},"Ред № {0}: Трябва да бъде посочен склад. Моля, задайте склад по подразбиране за артикул {1} и фирма {2}"
Row {0} picked quantity is less than the required quantity,"Количеството, избрано в ред {0}, е по-малко от необходимото"
Row {0}# Item {1} cannot be transferred more than {2} against {3} {4},Ред {0}# Елемент {1} не може да бъде прехвърлен повече от {2} пъти спрямо {3} {4}
Row {0}# Item {1} not found in 'Raw Materials Supplied' table in {2} {3},Ред {0}# Елемент {1} не е намерен в таблицата „Доставени суровини“ в {2} {3}
Row {0}: Accepted Qty and Rejected Qty can't be zero at the same time.,Ред {0}: Количеството на приетите и отхвърлените артикули не може да бъде равно на нула едновременно.
Row {0}: Account {1} and Party Type {2} have different account types,Ред {0}: Сметката {1} и типът на участника {2} са с различни типове сметки
Row {0}: Account {1} is a Group Account,Ред {0}: Акаунт {1} е групов акаунт
Row {0}: Allocated amount {1} must be less than or equal to invoice outstanding amount {2},Ред {0}: Разпределената сума {1} трябва да бъде по-малка или равна на неизплатената сума по фактурата {2}
Row {0}: Allocated amount {1} must be less than or equal to remaining payment amount {2},Ред {0}: Разпределената сума {1} трябва да бъде по-малка или равна на оставащата сума за плащане {2}
Row {0}: As {1} is enabled,Ред {0}: Тъй като {1} е активиран
Row {0}: Both Debit and Credit values cannot be zero,"Ред {0}: Нито дебитната, нито кредитната стойност може да бъде нула"
Row {0}: Consumed Qty {1} {2} must be less than or equal to Available Qty For Consumption|||					{3} {4} in Consumed Items Table.,Ред {0}: Използваното количество {1} {2} трябва да е по-малко или равно на наличното количество за използване||| {3} {4} в таблицата с използваните артикули.
Row {0}: Cost Center {1} does not belong to Company {2},Ред {0}: Центърът на разходите {1} не принадлежи към компания {2}
Row {0}: Either Delivery Note Item or Packed Item reference is mandatory.,"Ред {0}: Задължително е да се посочи или артикулът от складовата разписка, или артикулът от опаковката."
Row {0}: Expected Value After Useful Life cannot be negative,Ред {0}: Очакваната стойност след изтичане на полезния срок не може да бъде отрицателна
Row {0}: Expense Account {1} is linked to company {2}. Please select an account belonging to company {3}.,"Ред {0}: Сметката за разходи {1} е свързана с фирма {2}. Моля, изберете сметка, принадлежаща на фирма {3}."
Row {0}: Expense Head changed to {1} as no Purchase Receipt is created against Item {2}.,"Ред {0}: Разходната позиция е променена на {1}, тъй като за артикул {2} не е създаден документ за покупка."
Row {0}: Expense Head changed to {1} because account {2} is not linked to warehouse {3} or it is not the default inventory account,"Ред {0}: Наименованието на разходната позиция е променено на {1}, тъй като сметка {2} не е свързана със склад {3} или не е сметката по подразбиране за запасите"
Row {0}: Expense Head changed to {1} because expense is booked against this account in Purchase Receipt {2},"Ред {0}: Наименованието на разходната сметка е променено на {1}, тъй като разходът е осчетоводен по тази сметка в документа за получаване на стока {2}"
Row {0}: From Warehouse is mandatory for internal transfers,Ред {0}: „От склад“ е задължително поле за вътрешни прехвърляния
Row {0}: Item Tax template updated as per validity and rate applied,Ред {0}: Шаблонът за данък върху стоката е актуализиран съгласно валидността и приложената ставка
Row {0}: Item rate has been updated as per valuation rate since its an internal stock transfer,"Ред {0}: Цената на единица е актуализирана съгласно оценителния курс, тъй като става въпрос за вътрешно прехвърляне на запаси"
Row {0}: Item {1} must be a stock item.,Ред {0}: Артикул {1} трябва да е наличен на склад.
Row {0}: Item {1} must be a subcontracted item.,"Ред {0}: Елемент {1} трябва да бъде елемент, възложен на подизпълнител."
Row {0}: Item {1}'s quantity cannot be higher than the available quantity.,Ред {0}: Количеството на артикул {1} не може да надвишава наличното количество.
Row {0}: Packed Qty must be equal to {1} Qty.,Ред {0}: Броят в опаковката трябва да е равен на {1} брой.
Row {0}: Packing Slip is already created for Item {1}.,Ред {0}: Транспортната накладна за артикул {1} вече е създадена.
Row {0}: Payment Term is mandatory,Ред {0}: Полето „Срок на плащане“ е задължително
Row {0}: Please provide a valid Delivery Note Item or Packed Item reference.,"Ред {0}: Моля, въведете валиден номер на позиция от товарителницата или на опакована единица."
Row {0}: Please select a BOM for Item {1}.,"Ред {0}: Моля, изберете спецификация за артикул {1}."
Row {0}: Please select an active BOM for Item {1}.,"Ред {0}: Моля, изберете активна спецификация за артикул {1}."
Row {0}: Please select an valid BOM for Item {1}.,"Ред {0}: Моля, изберете валидна спецификация за артикул {1}."
Row {0}: Project must be same as the one set in the Timesheet: {1}.,"Ред {0}: Проектът трябва да съвпада с този, зададен във формуляра за отчитане на работното време: {1}."
Row {0}: Purchase Invoice {1} has no stock impact.,Ред {0}: Фактура за покупка {1} не оказва влияние върху наличностите.
Row {0}: Qty cannot be greater than {1} for the Item {2}.,Ред {0}: Броят не може да бъде по-голям от {1} за артикула {2}.
Row {0}: Qty in Stock UOM can not be zero.,Ред {0}: Количеството на склад в единица мярка не може да бъде нула.
Row {0}: Qty must be greater than 0.,Ред {0}: Броят трябва да е по-голям от 0.
Row {0}: Quantity cannot be negative.,Ред {0}: Количеството не може да бъде отрицателно.
Row {0}: Shift cannot be changed since the depreciation has already been processed,"Ред {0}: Не може да се промени отстъпката, тъй като амортизацията вече е обработена"
Row {0}: Target Warehouse is mandatory for internal transfers,Ред {0}: Полето „Целеви склад“ е задължително при вътрешни прехвърляния
Row {0}: To set {1} periodicity,Ред {0}: За да зададете периодичност {1}
Row {0}: Total Number of Depreciations cannot be less than or equal to Opening Number of Booked Depreciations,Ред {0}: Общият брой на амортизационните отчисления не може да бъде по-малък или равен на началния брой на отчетените амортизационни отчисления
Row {0}: Transferred quantity cannot be greater than the requested quantity.,Ред {0}: Прехвърленото количество не може да надвишава заявеното количество.
Row {0}: Workstation or Workstation Type is mandatory for an operation {1},Ред {0}: Полето „Работна станция“ или „Тип работна станция“ е задължително за дадена операция {1}
Row {0}: {1} account already applied for Accounting Dimension {2},Ред {0}: {1} сметка вече е регистрирана за счетоводната категория {2}
Row {0}: {1} {2} cannot be same as {3} (Party Account) {4},Ред {0}: {1} {2} не може да е същото като {3} (партийна сметка) {4}
Row {0}: {1} {2} is linked to company {3}. Please select a document belonging to company {4}.,"Ред {0}: {1} {2} е свързан с фирма {3}. Моля, изберете документ, принадлежащ на фирма {4}."
Row {0}: {2} Item {1} does not exist in {2} {3},Ред {0}: {2} Елемент {1} не съществува в {2} {3}
Row {0}: {3} Account {1} does not belong to Company {2},Ред {0}: {3} Акаунт {1} не принадлежи на компания {2}
Row({0}): Outstanding Amount cannot be greater than actual Outstanding Amount {1} in {2},Ред({0}): Неплатената сума не може да надвишава действителната неплатена сума {1} в {2}
Rows Threshold for Grid Search,Праг на редовете за търсене по решетка
Rows with Same Account heads will be merged on Ledger,Редовете с еднакви заглавия на сметки ще бъдат обединени в главната книга
Rows: {0} have 'Payment Entry' as reference_type. This should not be set manually.,Редове: {0} имат „Запис за плащане“ като тип_референция. Това не трябва да се задава ръчно.
Rows: {0} in {1} section are Invalid. Reference Name should point to a valid Payment Entry or Journal Entry.,Редовете: {0} в раздел {1} са невалидни. Името на препратката трябва да сочи към валиден платен запис или счетоводен запис.
Rule for this doctype,Правило за този тип документ
Run parallel job cards in a workstation,Изпълнение на няколко задачни карти едновременно на една работна станция
Running,Бягане
Runtime in Minutes,Продължителност в минути
Runtime in Seconds,Време за изпълнение в секунди
SABB-.########,SABB-.########
SC-ORD-.YYYY.-,SC-ORD-YYYY-
SCO Supplied Item,"Артикул, доставен от SCO"
SLA Fulfilled On,SLA изпълнено на
SLA Fulfilled On Status,SLA изпълнено по статус
SLA Paused On,SLA е спряно на
SLA will be applied if {1} is set as {2}{3},"SLA ще се приложи, ако {1} е зададено като {2}{3}"
SLA will be applied on every {0},SLA ще се прилага за всеки {0}
SMS sent successfully,SMS-ът беше изпратен успешно
SMTP Server is required,Необходим е SMTP сървър
SO Total Qty,Общо количество
SQL,Език за структурирани заявки
SQL Explain,SQL Explain
SQL Output,Резултат от SQL
SQL Queries,SQL заявки
STATEMENT OF ACCOUNTS,ФИНАНСОВ ОТЧЕТ
SWATCHES,ПРОБИ
Salary Currency,Валута на заплатата
Sales Incoming Rate,Процент на реализираните продажби
Sales Invoice {0} must be deleted before cancelling this Sales Order,"Фактура {0} трябва да бъде изтрита, преди да се анулира тази поръчка за продажба"
Sales Order Packed Item,Опакован артикул от поръчка за продажба
Sales Order Reference,Референтен номер на поръчката
Sales Order Schedule,График на поръчките за продажби
Sales Order Status,Статус на поръчката
Sales Order {0} already exists against Customer's Purchase Order {1}. To allow multiple Sales Orders,Продажбената поръчка {0} вече съществува във връзка с поръчката за покупка {1} на клиента. За да се позволи създаването на няколко продажбени поръчки
Sales Partner,Търговски партньор
Sales Partner Item,Артикул на търговския партньор
Sales Person <b>{0}</b> is disabled.,Продавачът {0} е деактивиран.
Sales Pipeline Analytics,Анализ на продажбения поток
Sales Update Frequency in Company and Project,Честота на актуализиране на данните за продажбите по компании и проекти
Sales Value,Стойност на продажбите
Salvage Value Percentage,Процент на остатъчната стойност
Same item and warehouse combination already entered.,Тази комбинация от артикул и склад вече е въведена.
Save Customizations,Запази настройките
Save on Completion,Запази при завършване
Save the document.,Запазете документа.
Saving Customization...,Запазване на персонализираните настройки...
Saving this will export this document as well as the steps linked here as json.,"Ако запазите това, документът, както и свързаните с него стъпки, ще бъдат експортирани във формат JSON."
Savings,Спестявания
Scan,Сканиране
Scan Batch No,Сканиране на партиден номер
Scan Mode,Режим на сканиране
Scan QRCode,Сканирайте QR кода
Scan Serial No,Сканиране на сериен номер
Scan barcode for item {0},Сканирайте баркода на артикул {0}
Scan mode enabled,Режим на сканиране е активиран
Scanned Quantity,Сканирано количество
Schedule Newsletter,График за бюлетина
Schedule Send At,Насрочи изпращане за
Schedule sending,Планиране на изпращане
Schedule sending at a later time,Задайте изпращане за по-късно
Scheduled Against,Насрочено срещу
Scheduled Sending,Планирано изпращане
Scheduled Time Logs,Регистри на планираното време
Scheduler,Планировчик
Scheduler Status,Статус на планиращия модул
Scheduler can not be re-enabled when maintenance mode is active.,"Планиращият модул не може да бъде активиран отново, докато режимът за поддръжка е активен."
Scheduler is Inactive. Can't trigger job now.,Планиращият модул е неактивен. В момента не може да се задейства задачата.
Scheduler is Inactive. Can't trigger jobs now.,Планиращият модул е неактивен. В момента не могат да се задействат задачи.
Scheduler is inactive. Cannot enqueue job.,Планиращият модул е неактивен. Не може да се добави задача в опашката.
Scheduler is inactive. Cannot merge accounts.,Планиращият модул е неактивен. Не е възможно да се обединят акаунтите.
Scheduler: Active,Планиращ модул: Активен
Scheduler: Inactive,Планиращ модул: Неактивен
Scheduling,График
Scheduling...,Изчакване...
Scrap & Process Loss,Отпадъци и производствени загуби
Scrap Asset,Остатъчен актив
Scrap Cost Per Qty,Цена на скрапа за брой
Scrap Item Code,Код на бракуван артикул
Scrap Item Name,Наименование на отпадъчния материал
Scrap date cannot be before purchase date,Датата на бракуване не може да е по-ранна от датата на покупка
Scripting,Скриптове
Scripting / Style,Скриптове / Стил
Scripts,Сценарии
Search Bar,Лента за търсене
Search Results for,Резултати от търсенето за
Search by item code,Търсене по код на артикула
Search fields,Полета за търсене
Search fieldtypes...,Типове полета за търсене...
Search for countries...,Търсене на държави...
Search for icons...,Търсене на икони...
Search for {0},Търсене на {0}
Search or type a command ({0}),Търсете или въведете команда ({0})
Search properties...,Търсене на имоти...
Secondary Party,Второстепенна страна
Secondary Role,Второстепенна роля
Seconds,Секунди
Section ID,Идентификационен номер на раздела
Section Title,Заглавие на раздела
Section must have at least one column,Секцията трябва да има поне една колона
Security Alert: Your account is being impersonated,Предупреждение за сигурност: Някой се представя за вас
See all Activity,Виж всички дейности
See previous responses,Вижте предишните отговори
Segregate Serial / Batch Bundle,Разделяне на серийни / пакетни пакети
Select Accounting Dimension.,Изберете счетоводно измерение.
Select Alternative Items for Sales Order,Избор на алтернативни артикули за поръчка за продажба
Select Batch No,Изберете партиден номер
Select Columns and Filters,Изберете колони и филтри
Select Corrective Operation,Изберете корективна операция
Select Country,Изберете държава
Select Currency,Изберете валута
Select Date of Birth. This will validate Employees age and prevent hiring of under-age staff.,Изберете дата на раждане. Това ще позволи да се провери възрастта на служителите и ще предотврати наемането на непълнолетни лица.
Select Date of joining. It will have impact on the first salary calculation,Изберете дата на постъпване на работа. Това ще се отрази на изчислението на първата заплата
Select Dimension,Изберете размер
Select Dispatch Address,Изберете адрес за доставка
Select Document,Изберете документ
Select Finished Good,Изберете готова продукция
Select Items for Quality Inspection,Изберете артикули за проверка на качеството
Select Job Worker Address,"Изберете длъжност, работник, адрес"
Select Kanban,Изберете Канбан
Select List View,Изберете изглед на списък
Select Network Printer,Изберете мрежов принтер
Select Page,Изберете страница
Select Report,Изберете отчет
Select Serial No,Изберете сериен номер
Select Serial and Batch,Изберете сериен номер и партида
Select Time,Изберете час
Select Time Zone,Изберете часова зона
Select View,Изберете „Виж“
Select Vouchers to Match,Изберете подходящи ваучери
Select Warehouses to get Stock for Materials Planning,"Изберете складове, от които да се вземат запаси за планиране на материалите"
Select Workflow,Изберете работен поток
Select Workspace,Изберете работна среда
Select a Company this Employee belongs to.,"Изберете компанията, към която принадлежи този служител."
Select a Customer,Изберете клиент
Select a document to check if it meets conditions.,"Изберете документ, за да проверите дали отговаря на условията."
Select a document to preview request data,"Изберете документ, за да видите данните от заявката"
Select a field to edit its properties.,"Изберете поле, за да редактирате неговите свойства."
Select a group {0} first.,Първо изберете група {0}.
Select an Image,Изберете изображение
Select an Item Group.,Изберете група артикули.
Select an app to continue,"Изберете приложение, за да продължите"
Select an invoice to load summary data,"Изберете фактура, за да заредите обобщени данни"
Select an item from each set to be used in the Sales Order.,"Изберете по един артикул от всеки комплект, който да се използва в поръчката за продажба."
Select records for removing assignment,"Изберете записите, от които да премахнете присвояването"
Select the Default Workstation where the Operation will be performed. This will be fetched in BOMs and Work Orders.,"Изберете работната станция по подразбиране, на която ще се изпълнява операцията. Тя ще бъде използвана в спецификациите и работните поръчки."
Select the Item to be manufactured.,"Изберете артикула, който ще се произведе."
Select the Item to be manufactured. The Item name,"Изберете артикула, който ще се произвежда. Наименование на артикула"
Select the Warehouse,Изберете склада
Select the date,Изберете дата
Select the date and your timezone,Изберете датата и часовата си зона
Select the raw materials (Items) required to manufacture the Item,"Изберете суровините (артикулите), необходими за производството на артикула"
Select two versions to view the diff.,"Изберете две версии, за да видите разликите."
Select whether to get items from a Sales Order or a Material Request. For now select <b>Sales Order</b>.||| A Production Plan can also be created manually where you can select the Items to manufacture.,"Изберете дали да вземете артикулите от поръчка за продажби или от заявка за материали. Засега изберете B Поръчка за продажбиB .||| Производственият план може да бъде създаден и ръчно, като в този случай можете да изберете артикулите, които да бъдат произведени."
Select whether to get items from a Sales Order or a Material Request. For now select <b>Sales Order</b>.|||| A Production Plan can also be created manually where you can select the Items to manufacture.,"Изберете дали да вземете артикулите от поръчка за продажби или от заявка за материали. Засега изберете B Поръчка за продажбиB .|||| Производственият план може да бъде създаден и ръчно, като в този случай можете да изберете артикулите, които да бъдат произведени."
Select your weekly off day,Изберете деня си за почивка през седмицата
Selected Serial and Batch Bundle entries have been fixed.,Поправени са някои записи в пакетите за серийно и партидно производство.
Selected Vouchers,Избрани ваучери
Selected date is,Избраната дата е
Selected document must be in submitted state,Избраният документ трябва да е в състояние „Подаден“
Self delivery,Самостоятелна доставка
Sell Asset,Продажба на актив
Send Attached Files,Изпрати прикачените файлове
Send Document Print,Изпрати документ Печат
Send Email At,Изпрати имейл на
Send Email On State,Изпрати имейл за състоянието
Send Email To Creator,Изпрати имейл на създателя
Send Emails,Изпращане на имейли
Send Test Email,Изпрати тестово имейл
Send Web View Link,Изпрати линк към уеб страницата
Send a request to delete your account,Изпратете заявка за изтриване на профила си
Send a test email,Изпрати тестово имейл
Send again,Изпрати отново
Send email when document transitions to the state.,Изпращане на имейл при преминаване на документа в ново състояние.
Send login link,Изпрати линк за вход
Send now,Изпрати сега
Sender Email Field,Поле за имейл на изпращача
Sender Name Field,Поле „Име на изпращача“
Sending emails,Изпращане на имейли
Sending...,Изпращане...
Sent Folder Name,Име на папката „Изпратени“
Sequential,Последователен
Serial & Batch Item,Серийни и партидни артикули
Serial & Batch Item Settings,Настройки за серийни и партидни артикули
Serial / Batch Bundle,Серийна / партидна опаковка
Serial / Batch Bundle Missing,Липсва пакетът със серийни/партидни номера
Serial / Batch No,Сериен номер / Партиден номер
Serial / Batch Nos,Серийни / Партидни номера
Serial No (In/Out),Сериен номер (вход/изход)
Serial No Already Assigned,Серийният номер вече е зает
Serial No Ledger,Регистър на серийните номера
Serial No Range,Диапазон на серийните номера
Serial No and Batch Selector cannot be use when Use Serial / Batch Fields is enabled.,"Серийният номер и селекторът на партидата не могат да се използват, когато е активирана опцията „Използване на полета за сериен номер/партида“."
Serial No and Batch for Finished Good,Сериен номер и партида на готовия продукт
Serial No is mandatory,Полето „Сериен номер“ е задължително
Serial No {0} already exists,Серийният номер {0} вече съществува
Serial No {0} already scanned,Сериен номер {0} вече е сканиран
Serial No {0} does not exists,Серийният номер {0} не съществува
Serial No {0} is already Delivered. You cannot use them again in Manufacture / Repack entry.,Серийният номер {0} вече е доставен. Не можете да го използвате отново при въвеждане на производство/преопаковане.
Serial No {0} is already added,Серийният номер {0} вече е добавен
Serial No {0} is already assigned to customer {1}. Can only be returned against the customer {1},Серийният номер {0} вече е присвоен на клиент {1}. Може да бъде върнат само на клиент {1}
Serial No {0} is not present in the {1} {2},Серийният номер {0} не фигурира в {1} {2}
Serial Nos,Сериен номер
Serial Nos / Batch Nos,Серийни номера / Партидни номера
Serial Nos are created successfully,Серийните номера са създадени успешно
Serial Nos are reserved in Stock Reservation Entries,Серийните номера се запазват в записите за резервиране на наличности
Serial Nos {0} are already Delivered. You cannot use them again in Manufacture / Repack entry.,Серийните номера {0} вече са доставени. Не можете да ги използвате отново при въвеждане на производство/преопаковане.
Serial and Batch,Серийно и партидно
Serial and Batch Bundle,Пакет за серийно и партидно производство
Serial and Batch Bundle created,Създаден пакет от серийни и партидни продукти
Serial and Batch Bundle updated,Актуализиран пакет „Серийни и партидни“
Serial and Batch Bundle {0} is already used in {1} {2}.,Пакетът „Серийни и партидни“ {0} вече се използва в {1} {2}.
Serial and Batch Bundle {0} is not submitted,Пакетът „Серийни и партидни“ {0} не е подаден
Serial and Batch Details,Подробности за серийните и партидните номера
Serial and Batch Entry,Последователно и пакетно въвеждане
Serial and Batch No,Сериен номер и партиден номер
Serial and Batch Nos,Серийни и партидни номера
Serial and Batch Nos will be auto-reserved based on <b>Pick Serial / Batch Based On</b>,Серийните номера и номерата на партидите ще бъдат автоматично запазени въз основа на B Избор на серийни номера/партиди въз основа наB 
Serial and Batch Reservation,Серийни и пакетни резервации
Serial and Batch Summary,Обобщение на серийното и партидното производство
Series Updated for {},Серията е актуализирана за {}
Series counter for {} updated to {} successfully,Броячът на сериите за {} беше успешно актуализиран до {}
Server Scripts are disabled. Please enable server scripts from bench configuration.,"Скриптовете на сървъра са деактивирани. Моля, активирайте скриптовете на сървъра от конфигурацията на Bench."
Server Scripts feature is not available on this site.,Функцията „Скриптове на сървъра“ не е достъпна на този сайт.
Server error during upload. The file might be corrupted.,Сървърна грешка по време на качването. Възможно е файлът да е повреден.
Server failed to process this request because of a concurrent conflicting request. Please try again.,"Сървърът не успя да обработи това заявка поради конфликт с друга заявка, подадена по същото време. Моля, опитайте отново."
Server was too busy to process this request. Please try again.,"Сървърът беше прекалено натоварен, за да обработи това заявка. Моля, опитайте отново."
Service Cost Per Qty,Цена на услугата за брой
Service Expense Account,Сметка за разходи за услуги
Service Expense Total Amount,Обща сума на разходите за услуги
Service Expenses,Разходи за услуги
Service Item,Услуга
Service Item Qty,Артикул на услугата Брой
Service Item Qty / Finished Good Qty,Брой единици услуга / Брой единици готова продукция
Service Item UOM,Единица мярка на услугата
Service Item {0} is disabled.,Елементът на услугата {0} е деактивиран.
Service Item {0} must be a non-stock item.,Артикулът {0} трябва да е извънстоков артикул.
Service Items,Услуги
Service Level Agreement for {0} {1} already exists.,Вече съществува споразумение за ниво на обслужване за {0} {1}.
Service Level Name,Име на нивото на обслужване
Service Provider,Доставчик на услуги
Session Expiry (idle timeout),Изтичане на сесията (време за бездействие)
Set Default Supplier,Задаване на доставчик по подразбиране
Set From Warehouse,Комплект от склада
Set Incoming Rate as Zero for Expired Batch,Задайте скоростта на постъпване на нула за изтеклата партида
Set Landed Cost Based on Purchase Invoice Rate,Определяне на доставната стойност въз основа на курса от фактурата за покупка
Set Limit,Задай лимит
Set Loyalty Program,Настройте програма за лоялност
Set Naming Series options on your transactions.,Задайте опциите за серията на имената във вашите транзакции.
Set Operating Cost / Scrap Items From Sub-assemblies,Задаване на оперативни разходи / бракувани артикули от подсглобки
Set Operating Cost Based On BOM Quantity,Задаване на оперативните разходи въз основа на количеството в спецификацията
Set Parent Row No in Items Table,Задаване на номера на родителския ред в таблицата с елементи
Set Process Loss Item Quantity,Задаване на количеството на артикулите с отпадъци от процеса
Set Project Status,Задаване на статуса на проекта
Set Properties,Настройки на свойствата
Set Response Time for Priority {0} in row {1}.,Задайте време за реакция за приоритет {0} в ред {1}.
Set Serial and Batch Bundle Naming Based on Naming Series,Задаване на имена на серийни и пакетни пакети въз основа на сериите за именуване
Set Valuation Rate Based on Source Warehouse,Задаване на коефициент за оценка въз основа на изходния склад
Set Valuation Rate for Rejected Materials,Задаване на коефициент за оценка на бракуваните материали
Set Warehouse,Настройки на склада
Set all private,Настрой всички като частни
Set all public,Настрой всички като публични
Set by user,Зададено от потребителя
Set default {0} account for non stock items,"Задаване на акаунт {0} по подразбиране за артикули, които не са на склад"
Set dynamic filter values in JavaScript for the required fields here.,Задайте тук динамичните стойности на филтрите в JavaScript за задължителните полета.
Set fieldname from which you want to fetch the data from the parent form.,"Задайте името на полето, от което искате да извлечете данните от родителския формуляр."
Set non-standard precision for a Float,Задаване на нестандартна точност за тип Float
Set only once,Задайте само веднъж
Set quantity of process loss item:,Задайте количеството на позицията за производствени загуби:
Set size in MB,Задайте размера в МБ
Set the Planned Start Date (an Estimated Date at which you want the Production to begin),"Задайте планираната начална дата (приблизителната дата, на която искате да започне производството)"
"Set the filters here. For example:|||<pre class=""small text-muted""><code>|||[{|||	fieldname: ""company""","Задайте филтрите тук. Например:|||<pre class=""small text-muted"">|||[{|||  fieldname: ""company"""
"Set the path to a whitelisted function that will return the data for the number card in the format:||||||<pre class=""small text-muted""><code>|||{|||	""value"": value","Задайте пътя към функция от белия списък, която ще върне данните за числовата карта във формат:||||||<pre class=""small text-muted"">|||{|||  ""value"": value"
Set the status manually.,Задайте състоянието ръчно.
Set this value to 0 to disable the feature.,"Задайте тази стойност на 0, за да деактивирате функцията."
Set {0} in asset category {1} for company {2},Задайте {0} в категорията активи {1} за фирма {2}
Sets 'Accepted Warehouse' in each row of the Items table.,Задава „Приет склад“ във всеки ред от таблицата „Артикули“.
Sets 'Rejected Warehouse' in each row of the Items table.,Задава стойността „Отхвърлен склад“ във всеки ред от таблицата „Артикули“.
Sets 'Reserve Warehouse' in each row of the Supplied Items table.,Задава „Резервен склад“ във всеки ред от таблицата „Доставени артикули“.
Setting,Настройки
Setting Item Locations...,Определяне на местоположенията на елементите...
Setting the account as a Company Account is necessary for Bank Reconciliation,"За да се извърши банковата реконцилиация, е необходимо профилът да бъде зададен като фирмен профил"
Setting {0} is required,Задължително е да зададете {0}
Settings to control blog categories and interactions like comments and likes,Настройки за управление на категориите в блога и взаимодействията като коментари и харесвания
Setup Series for transactions,Серия от настройки за транзакции
Setup failed,Настройката се провали
Setup your organization,Настройте вашата организация
Shelf Life in Days,Срок на годност в дни
Shift,Смяна
Shift Factor,Коефициент на изместване
Shift Name,Име на смяната
Shipment,Доставка
Shipment Amount,Стойност на пратката
Shipment Delivery Note,Документ за доставка
Shipment ID,Идентификационен номер на пратката
Shipment Information,Информация за доставката
Shipment Parcel,Пратка – колет
Shipment Parcel Template,Шаблон за пратка на колет
Shipment Type,Вид доставка
Shipment details,Подробности за доставката
Shipping Address Details,Данни за адреса за доставка
Shipping Address Template,Шаблон за адрес за доставка
Shipping Address does not belong to the {0},Адресът за доставка не принадлежи на {0}
"Show ""Call to Action"" in Blog",Показване на „Призив за действие“ в блога
Show Absolute Datetime in Timeline,Показване на абсолютна дата и час във времевата линия
Show Absolute Values,Покажи абсолютни стойности
Show Account Balance,Покажи салдото по сметката
Show Aggregate Value from Subsidiary Companies,Покажи общата стойност от дъщерните дружества
Show All,Покажи всичко
Show Balances in Chart Of Accounts,Показване на салдата в счетоводния план
Show Barcode Field in Stock Transactions,Показване на полето „Баркод“ в операциите със стоки
Show Credit / Debit in Company Currency,Показване на кредита/дебита във валутата на дружеството
Show Currency Symbol on Right Side,Показване на символа на валутата отдясно
Show Dimension Wise Stock,Покажи наличностите по размери
Show Disabled Items,Покажи скритите елементи
Show Disabled Warehouses,Покажи складове с деактивирани продукти
Show Error,Покажи грешка
Show Fieldname (click to copy on clipboard),"Покажи името на полето (кликни, за да копираш в клипборда)"
Show First Document Tour,Обиколка с първия документ
Show Full Number,Покажи пълния номер
Show GL Balance,Покажи баланса на GL
Show Group Accounts,Покажи групови сметки
Show Item Name,Покажи името на елемента
Show Labels,Покажи етикети
Show Language Picker,Покажи менюто за избор на език
Show Ledger View,Показване на изглед „Главна книга“
Show List,Покажи списъка
Show Net Values in Party Account,Показване на нетните стойности в партийната сметка
Show Only Failed Logs,Покажи само неуспешните записи
Show Opening and Closing Balance,Покажи начален и краен баланс
Show Party Balance,Покажи баланса на партията
Show Pay Button in Purchase Order Portal,Показване на бутона за плащане в портала за поръчки
Show Preview,Покажи предварителен преглед
Show Processlist,Покажи списъка с процесите
Show Related Errors,Покажи свързани грешки
Show Remarks,Покажи бележки
Show Saved,Покажи запазените
Show Taxes as Table in Print,Показване на данъците под формата на таблица при печат
Show Title in Link Fields,Показване на заглавието в полетата за връзки
Show Tour,Обиколка
Show Values over Chart,Показване на стойностите върху графиката
Show account deletion link in My Account page,Показване на линка за изтриване на профила на страницата „Моят профил“
Show all activity,Покажи всички дейности
Show all blogs,Покажи всички блогове
Show footer on login,Показване на долния колонтитул при влизане
Show link to document,Покажи линка към документа
Show net values in opening and closing columns,Показване на нетните стойности в колоните за начало и край
Show on Timeline,Покажи на времевата линия
Show only the Immediate Upcoming Term,Покажи само предстоящия семестър
Show pending entries,Покажи чакащите записи
Show with upcoming revenue/expense,Покажи предстоящи приходи/разходи
Show {0} List,Покажи списъка {0}
Sidebar,Странична лента
Sign Up and Confirmation,Регистрация и потвърждение
Sign ups,Регистрации
Simple Python Expression,Прост израз на Python
"Simple Python formula applied on Reading fields.<br> Numeric eg. 1: <b>reading_1 &gt; 0.2 and reading_1 &lt; 0.5</b><br>|||Numeric eg. 2: <b>mean &gt; 3.5</b> (mean of populated fields)<br>|||Value based eg.:  <b>reading_value in (""A""","Проста формула на Python, приложена към полетата за отчитане. Числена, прим. 1: B reading_1 > 0.2 и reading_1 < 0.5B  |||Числена, прим. 2: B mean > 3.5B  (средна стойност на попълнените полета) |||Въз основа на стойност, прим.: B reading_value in (""A"""
Simultaneous,Едновременно
Since {0} are Serial No/Batch No items,Тъй като {0} са артикули със сериен номер/партиден номер
Site is running in read only mode for maintenance or site update,Сайтът работи в режим „само за четене“ поради технически работи или актуализация
Size (MB),Размер (МБ)
Size exceeds the maximum allowed file size.,Размерът надвишава максималния допустим размер на файла.
Skip Available Sub Assembly Items,Пропусни наличните елементи от подкомплектите
Skipped,Пропуснато
Skipping Tax Withholding Category {0} as there is no associated account set for Company {1} in it.,"Пропускам категорията за удържане на данъци {0}, тъй като в нея няма зададена свързана сметка за фирма {1}."
Skipping fixture syncing for doctype {0} from file {1},Пропускане на синхронизирането на конфигурацията за doctype {0} от файл {1}
Skipping {0} of {1},Пропускане на {0} от {1}
Snippet and more variables:  {0},Фрагмент и още променливи: {0}
SocketIO Ping Check,Проверка за връзка с SocketIO
SocketIO Transport Mode,Режим на пренос на SocketIO
Sold by,Продавано от
Solvency Ratios,Коефициенти на платежоспособност
"Some mailboxes require a different Sent Folder Name e.g. ""INBOX.Sent""","Някои пощенски кутии изискват различно име на папката „Изпратени“, например „INBOX.Sent“"
Something went wrong please try again,"Възникна проблем, моля, опитайте отново"
Something went wrong.,Възникна проблем.
Sort Ascending,Подреждане по възходящ ред
Sort Descending,Сортиране по низходящ ред
Sort Options,Опции за сортиране
Source Code,Изходен код
Source Exchange Rate,Изходен обменен курс
Source Fieldname,Източник Име на поле
Source Warehouse Address Link,Връзка към адреса на склада
South Africa VAT Account,Сметка за ДДС в Южна Африка
South Africa VAT Settings,Настройки за ДДС в Южна Африка
Spacer,Разходка
Specify a custom timeout,Задайте персонализирано време за изчакване
Specify the domains or origins that are permitted to embed this form. Enter one domain per line (e.g.,"Посочете домейните или източниците, на които е разрешено да вграждат този формуляр. Въведете по един домейн на ред (например"
Splash Image,Заглавно изображение
Split Asset,Разделени активи
Split Early Payment Discount Loss into Income and Tax Loss,Разделяне на загубата от отстъпката за предсрочно плащане на доход и данъчна загуба
Split From,Разделено от
Split Qty,Разделено количество
Split qty cannot be grater than or equal to asset qty,Разделеното количество не може да бъде по-голямо или равно на количеството на актива
Splitting {0} {1} into {2} rows as per Payment Terms,Разделяне на {0} {1} на {2} реда съгласно условията за плащане
Sr No.,Уважаеми г-н/г-жа
Stack Trace,Следа на стека
Stage,Сцена
Stale Days should start from 1.,„Stale Days“ трябва да започне от 1.
Standard Description,Стандартно описание
Standard DocType can not be deleted.,Стандартният DocType не може да бъде изтрит.
Standard Permissions,Стандартни права
Standard Rated Expenses,Стандартни разходи
Standard Reports cannot be deleted,Стандартните отчети не могат да бъдат изтривани
Standard Reports cannot be edited,Стандартните отчети не могат да се редактират
Standard Terms and Conditions that can be added to Sales and Purchases. Examples: Validity of the offer,"Стандартни условия, които могат да се добавят към договорите за продажба и покупка. Примери: Срок на валидност на офертата"
Standard Web Forms can not be modified,Стандартните уеб формуляри не могат да бъдат променяни
Standard rated supplies in {0},Стандартни стоки в {0}
"Standard tax template that can be applied to all Purchase Transactions. This template can contain a list of tax heads and also other expense heads like ""Shipping""","Стандартен данъчен шаблон, който може да се прилага за всички транзакции по покупки. Този шаблон може да съдържа списък с данъчни позиции, както и други разходни позиции, като например „Доставка“"
"Standard tax template that can be applied to all Sales Transactions. This template can contain a list of tax heads and also other expense/income heads like ""Shipping""","Стандартен данъчен шаблон, който може да се прилага за всички продажби. Този шаблон може да съдържа списък с данъчни позиции, както и други разходни/приходни позиции, като например „Доставка“"
Standard user type {0} can not be deleted.,Стандартният тип потребител {0} не може да бъде изтрит.
Star us on GitHub,Добавете ни в GitHub
Start / Resume,Старт / Продължи
Start Date should be lower than End Date,Датата на начало трябва да е по-ранна от датата на край
Start Deletion,Започни изтриване
Start Job,Стартирай задача
Start Merge,Започни сливане
Start Recording,Започни запис
Start Reposting,Започнете да споделяте
Start Time can't be greater than or equal to End Time for {0}.,Началната дата не може да бъде по-късна или същата като крайната дата за {0}.
Start Timer,Старт на таймера
Start a new discussion,Започнете нова дискусия
Started At,Започна на
Started a background job to create {1} {0}. {2},Започна се задача на заден план за създаване на {1} {0}. {2}
State Properties,Държавни имоти
Statistics,Статистика
Status Details,Подробности за състоянието
Status Illustration,Илюстрация на състоянието
Status set to rejected as there are one or more rejected readings.,"Статусът е зададен като „отхвърлен“, тъй като има едно или повече отхвърлени отчитания."
Stock Closing,Закриване на борсата
Stock Consumed During Repair,Изразходвани материали по време на ремонта
Stock Consumption Details,Подробности за потреблението на запасите
Stock Entries already created for Work Order {0}: {1},Вече създадени записи за запаси за работен ордер {0}: {1}
Stock Ledger Invariant Check,Проверка на инвариантите в счетоводната книга
Stock Ledger Variance,Разлика в счетоводната книга за запасите
Stock Movement,Движение на акциите
Stock Planning,Планиране на запасите
Stock Qty vs Batch Qty,Количество на склад срещу количество на партидата
Stock Reposting Settings,Настройки за повторно публикуване на акции
Stock Reservation,Резервация на акции
Stock Reservation Entries Cancelled,Записите за резервация на акции са отменени
Stock Reservation Entries Created,Създадени записи за резервация на акции
Stock Reservation Entry,Въвеждане на резервация на акции
Stock Reservation Entry cannot be updated as it has been delivered.,"Записът за резервация на стока не може да бъде актуализиран, тъй като стоката вече е доставена."
Stock Reservation Entry created against a Pick List cannot be updated. If you need to make changes,"Записът за резервация на стока, създаден въз основа на лист за окомплектоване, не може да бъде актуализиран. Ако трябва да направите промени"
Stock Reservation Warehouse Mismatch,Несъответствие между запасите и складовите наличности
Stock Reservation can only be created against {0}.,Резервация на акции може да се създаде само за {0}.
Stock Reserved Qty (in Stock UOM),Запас – запазено количество (в единица мярка на наличността)
Stock Transactions Settings,Настройки за борсови транзакции
Stock UOM Quantity,Склад Единица мярка Количество
Stock Unreservation,Отмяна на резервация на акции
Stock Update Not Allowed,Актуализирането на запасите не е разрешено
Stock Validations,Проверка на наличностите
Stock and Manufacturing,Складови наличности и производство
Stock cannot be reserved in group warehouse {0}.,Не е възможно да се резервират запаси в груповия склад {0}.
Stock cannot be reserved in the group warehouse {0}.,Не е възможно да се запази стока в груповия склад {0}.
Stock cannot be updated for Purchase Invoice {0} because a Purchase Receipt {1} has already been created for this transaction. Please disable the 'Update Stock' checkbox in the Purchase Invoice and save the invoice.,"Наличността не може да бъде актуализирана за фактура за покупка {0}, тъй като за тази транзакция вече е създаден приходен документ {1}. Моля, премахнете отметката от полето „Актуализирай наличността“ във фактурата за покупка и запазете фактурата."
Stock not available for Item {0} in Warehouse {1}.,Няма наличност за артикул {0} в склад {1}.
Stock quantity not enough for Item Code: {0} under warehouse {1}. Available quantity {2} {3}.,Наличността на склад {1} за артикул {0} е недостатъчна. Налично количество {2} {3}.
Stock transactions that are older than the mentioned days cannot be modified.,"Транзакциите с акции, които са по-стари от посочените дни, не могат да бъдат променяни."
Stock will be reserved on submission of <b>Purchase Receipt</b> created against Material Request for Sales Order.,"Стоката ще бъде запазена при представяне на B касовата бележкаB , издадена въз основа на заявката за материали към продажбената поръчка."
Stock/Accounts can not be frozen as processing of backdated entries is going on. Please try again later.,"Складовите наличности/сметките не могат да бъдат блокирани, тъй като в момента се обработват записи с обратна дата. Моля, опитайте отново по-късно."
Storage Usage (MB),Използвано място (МБ)
Storage Usage By Table,Използване на пространството за съхранение по таблици
Store Attached PDF Document,Запази прикачения PDF документ
Store the API secret securely. It won't be displayed again.,Съхранявайте тайния ключ за API на сигурно място. Той няма да се показва отново.
Stores the datetime when the last reset password key was generated.,"Записва датата и часа, когато е бил генериран последният ключ за нулиране на паролата."
Strip EXIF tags from uploaded images,Премахване на EXIF-метките от качините изображения
Strong,Силен
Sub Assemblies & Raw Materials,Подкомплекти и суровини
Sub Assembly,Подкомплект
Sub Assembly Item,Елемент на подсглобка
Sub Assembly Item Code,Код на подкомпонент
Sub Assembly Items,Елементи на подсглобки
Sub Assembly Warehouse,Склад за полуготови изделия
Sub Operation,Подоперация
Sub Operations,Подзадачи
Sub Total,Междинна сума
Subcontract BOM,Списък с компоненти за подизпълнител
Subcontract Order,Поръчка за подизпълнение
Subcontract Order Summary,Обобщение на поръчката за подизпълнител
Subcontract Return,Връщане на подизпълнител
Subcontracted Purchase Order,Поръчка за покупка от подизпълнител
Subcontracted Quantity,"Количество, възложено на подизпълнител"
Subcontracting,Подизпълнение
Subcontracting BOM,Спецификация на материалите за подизпълнители
Subcontracting Conversion Factor,Коефициент на преобразуване при възлагане на подизпълнение
Subcontracting Order,Поръчка за подизпълнение
Subcontracting Order (Draft) will be auto-created on submission of Purchase Order.,Поръчката за подизпълнение (проект) ще бъде създадена автоматично при подаване на поръчката за покупка.
Subcontracting Order Item,Позиция в поръчка за подизпълнение
Subcontracting Order Service Item,Позиция в поръчка за подизпълнение
Subcontracting Order Supplied Item,Поръчка за подизпълнение – доставяна стока
Subcontracting Order {0} created.,Създадена поръчка за подизпълнение {0}.
Subcontracting Purchase Order,Поръчка за подизпълнение
Subcontracting Receipt,Разписка за подизпълнение
Subcontracting Receipt Item,Позиция по фактура за подизпълнение
Subcontracting Receipt Supplied Item,Разписка за подизпълнение – доставена стока
Subcontracting Settings,Настройки за подизпълнение
Subdivision,Подразделение
Submission Queue,Опашка за подаване
Submit Action Failed,Изпращането на действието се провали
Submit ERR Journals?,Да изпратите статии за списанията на ERR?
Submit Generated Invoices,Изпращане на създадените фактури
Submit another response,Изпрати още един отговор
Submit button label,Текст на бутона „Изпрати“
Submit on Creation,Изпрати при създаване
Submit your Quotation,Изпратете офертата си
Submitted document cannot be converted back to draft while transitioning from <b>{0} State</b> to <b>{1} State</b>,Подаденият документ не може да бъде върнат в чернова при преминаване от {0} състояние към {1} състояние
Subscription for Future dates cannot be processed.,Абонамент за бъдещи дати не може да бъде обработен.
Succeeded,Успя
Succeeded Entries,Успешни записи
Success URI,УРИ за успех
Success message,Съобщение за успешно изпълнение
Success title,Заглавие „Успех“
Successful Job Count,Брой успешни кандидатури
Successfully changed Stock UOM,Единицата за измерване на запасите беше променена успешно
Successfully imported {0},{0} беше успешно импортирано
Successfully linked to Customer,Успешно свързан с клиента
Successfully linked to Supplier,Успешно свързан с доставчика
Successfully merged {0} out of {1}.,Успешно обединени {0} от {1}.
Successfully reset onboarding status for all users.,Статусът на въвеждането на всички потребители беше успешно нулиран.
Successfully updated {0},{0} беше актуализирано успешно
Successfully {0} 1 record.,Успешно {0} 1 запис.
Successfully {0} {1} record out of {2}. Click on Export Errored Rows,Успешно извлечени {0} от {2} записи. Натиснете върху „Експортирай редове с грешки“
Successfully {0} {1} records out of {2}. Click on Export Errored Rows,Успешно извлечени {0} от {2} записи. Кликнете върху „Експортирай редове с грешки“
Successfully {0} {1} records.,Успешно {0} {1} записи.
Suggest Optimizations,Предложете оптимизации
Suggested Indexes,Препоръчителни индекси
Sum of Repair Cost and Value of Consumed Stock Items.,Сума от разходите за ремонт и стойността на изразходваните складови артикули.
Supplied Item,Доставяна стока
Supplier Address Details,Данни за адреса на доставчика
Supplier Contact,Контакти с доставчиците
Supplier Group Item,Артикул от група доставчици
Supplier Info,Информация за доставчика
Supplier Invoice,Фактура от доставчика
Supplier Item,Артикул на доставчика
Supplier Portal Users,Потребители на портала за доставчици
Supplier Primary Address,Основен адрес на доставчика
Supplier Primary Contact,Основен контакт на доставчика
Supplier Warehouse mandatory for sub-contracted {0},Складът на доставчика е задължителен за подизпълнителите {0}
Supplies subject to the reverse charge provision,"Стоки, за които се прилага механизмът за обратно начисляване"
Suspected Discount Amount,Предполагаема сума на отстъпката
Switch Camera,Смяна на камерата
Switch Theme,Смени темата
Switch to Frappe CRM for smarter sales,Преминете към Frappe CRM за по-ефективни продажби
Switching Camera,Смяна на камерата
Sync Now,Синхронизирай сега
Sync Started,Синхронизирането започна
Sync events from Google as public,Синхронизирай събитията от Google като публични
Sync token was invalid and has been reset,Токенът за синхронизация беше невалиден и беше нулиран
Sync {0} Fields,Синхронизиране на {0} полета
Synced Fields,Синхронизирани полета
Syntax Error,Синтаксисна грешка
System Generated Fields can not be renamed,"Полетата, генерирани от системата, не могат да бъдат преименувани"
System Health Report,Отчет за състоянието на системата
System Health Report Errors,Грешки в отчета за състоянието на системата
System Health Report Failing Jobs,Отчет за състоянието на системата – задачи с грешки
System Health Report Queue,Опашка на отчетите за състоянието на системата
System Health Report Tables,Таблици с отчети за състоянието на системата
System Health Report Workers,"Служители, отговарящи за доклада за състоянието на системата"
System In Use,Системата е в употреба
System Manager privileges required.,Необходими са права на системния администратор.
System Notifications,Системни известия
System will automatically create the serial numbers / batch for the Finished Good on submission of work order,Системата автоматично ще генерира серийните номера/партидата за готовия продукт при подаване на производствената поръчка
System will do an implicit conversion using the pegged currency. <br>|||Ex: Instead of AED -&gt; INR,"Системата ще извърши имплицитно преобразуване, като използва валутата, към която е обвързана.  |||Пример: Вместо AED -&gt; INR"
System will not check over billing since amount for Item {0} in {1} is zero,"Системата няма да провери за надплащане, тъй като сумата за позиция {0} в {1} е нула"
T,Това
TCS Amount,Сума по TCS
TCS Rate %,Процент на TCS
TDS Amount,Сума по TDS
TDS Deducted,Удържан данък
TDS Payable,Дължима сума по TDS
Tab Break,Преминаване към следващия ред
Tab Label,Раздел „Етикети“
Table Fieldname,Таблица Fieldname
Table Fieldname Missing,Липсва име на поле в таблицата
Table Trimmed,Таблица с отрязани краища
Tabloid,Таблоид
Target Asset,Целеви актив
Target Asset Location,Местоположение на целевия актив
Target Asset {0} cannot be cancelled,Целевият актив {0} не може да бъде отменен
Target Asset {0} cannot be submitted,Целевият ресурс {0} не може да бъде изпратен
Target Asset {0} cannot be {1},Целевият ресурс {0} не може да бъде {1}
Target Asset {0} does not belong to company {1},Целевият актив {0} не принадлежи на компания {1}
Target Asset {0} needs to be composite asset,Целевият актив {0} трябва да бъде съставен актив
Target Batch No,Номер на партидата
Target Exchange Rate,Целеви обменен курс
Target Fieldname (Stock Ledger Entry),Име на полето „Цел“ (запис в главната книга)
Target Fixed Asset Account,Сметка за дълготрайни активи
Target Has Batch No,Target има партиден номер
Target Has Serial No,Продуктът има сериен номер
Target Incoming Rate,Целева входяща ставка
Target Is Fixed Asset,Целта е дълготраен актив
Target Item Code,Код на артикула
Target Item Name,Име на целевия артикул
Target Item {0} must be a Fixed Asset item,Елементът {0} трябва да бъде дълготраен актив
Target Location is required for transferring Asset {0},За прехвърлянето на актив {0} е необходимо да се посочи местоположение
Target Location is required while receiving Asset {0},При получаване на актив {0} е необходимо да се посочи местоположение
Target Qty must be a positive number,Целевото количество трябва да е положително число
Target Serial No,Сериен номер на целта
Target Warehouse Address Link,Връзка към адреса на склада на Target
Target Warehouse is set for some items but the customer is not an internal customer.,"За някои артикули е зададен склад „Target“, но клиентът не е вътрешен клиент."
Task Assignee Email,Имейл на отговорното лице
Task {0} depends on Task {1}. Please add Task {1} to the Tasks list.,"Задача {0} зависи от задача {1}. Моля, добавете задача {1} в списъка със задачи."
Tax Amount,Данъчна сума
Tax Amount will be rounded on a row(items) level,Сумата на данъка ще се закръгля на ниво ред (позиции)
Tax Id: {0},Идентификационен номер: {0}
Tax Refunds provided to Tourists under the Tax Refunds for Tourists Scheme,Възстановяване на данъци на туристи по Програмата за възстановяване на данъци за туристи
Tax Settings,Настройки за данъци
Tax Withheld Vouchers,Разписки за удържани данъци
Tax Withholding,Удържане на данъци
Tax Withholding Category {} against Company {} for Customer {} should have Cumulative Threshold value.,Категорията за удържане на данъци {} за фирма {} по отношение на клиент {} трябва да има кумулативна прагова стойност.
Tax Withholding Details,Подробности за удържането на данъци
Tax Withholding Net Total,Данъчно удържане – нетна обща сума
Tax will be withheld only for amount exceeding the cumulative threshold,"Данъкът ще бъде удържан само за сумата, надвишаваща общата прагова стойност"
Taxes row #{0}: {1} cannot be smaller than {2},Ред #{0} на данъците: {1} не може да бъде по-малък от {2}
Team,Отбор
Team Members Subtitle,Подзаглавие „Членове на екипа“
Telemetry,Телеметрия
Telephony,Телефония
Telephony Call Type,Тип телефонно обаждане
Template File,Шаблон на файл
Template Item Selected,Избран елемент от шаблона
Template Task,Шаблон за задача
Templates,Шаблони
Terms & Conditions,Общи условия
Terms Template,Шаблон за условия
Territory Item,Елемент на територията
Test Data,Тестови данни
Test Job ID,Идентификационен номер на тестовата задача
Test Spanish,Тест по испански
Thank you for reaching out to us. We will get back to you at the earliest.|||||||||Your query:||||||{0},"Благодарим Ви, че се свързахте с нас. Ще Ви отговорим възможно най-скоро.|||||||||Вашето запитване:||||||{0}"
Thank you for spending your valuable time to fill this form,"Благодарим Ви, че отделихте от ценното си време, за да попълните този формуляр"
Thanks,Благодаря
The Batch {0} has negative batch quantity {1}. To fix this,Партидата {0} има отрицателно количество {1}. За да разрешите този проблем
"The Client ID obtained from the Google Cloud Console under <a href=""https://console.cloud.google.com/apis/credentials"">|||""APIs &amp; Services"" &gt; ""Credentials""|||</a>","Идентификационният номер на клиента, получен от Google Cloud Console в раздела <a href=""https://console.cloud.google.com/apis/credentials"">|||„API и услуги“ &gt; „Удостоверения“|||"
The Document Type {0} must have a Status field to configure Service Level Agreement,"Типът документ {0} трябва да има поле „Статус“, за да може да се конфигурира споразумението за ниво на обслужване"
The Excluded Fee is bigger than the Deposit it is deducted from.,"Сумата на изключената такса е по-голяма от депозита, от който се удържа."
The File URL you've entered is incorrect,Въведеният от вас URL адрес на файла е неправилен
The GL Entries and closing balances will be processed in the background,Записите в главната книга и крайните салда ще бъдат обработени във фонов режим
The GL Entries will be cancelled in the background,Записите в GL ще бъдат отменени във фонов режим
The Next Scheduled Date cannot be later than the End Date.,Следващата планирана дата не може да бъде по-късна от крайната дата.
The Payment Request {0} is already paid,Заявката за плащане {0} вече е платена
The Pick List having Stock Reservation Entries cannot be updated. If you need to make changes,"Списъкът за избор, който съдържа записи за резервирани количества, не може да бъде актуализиран. Ако трябва да направите промени"
The Process Loss Qty has reset as per job cards Process Loss Qty,Количеството загуби при преработката е нулирано съгласно производствените карти за количеството загуби при преработката
The Push Relay Server URL key (`push_relay_server_url`) is missing in your site config,В конфигурацията на сайта ви липсва ключът за URL адреса на сървъра за препращане на известия (`push_relay_server_url`)
The Sales Person is linked with {0},Продавачът е свързан с {0}
The Serial No at Row #{0}: {1} is not available in warehouse {2}.,Серийният номер в ред #{0}: {1} не е наличен в склад {2}.
The Serial and Batch Bundle {0} is not valid for this transaction. The 'Type of Transaction' should be 'Outward' instead of 'Inward' in Serial and Batch Bundle {0},"Серийният и партиден пакет {0} не е валиден за тази транзакция. В серийния и партиден пакет {0} „Типът на транзакцията“ трябва да бъде „Изходяща“, а не „Входяща“"
The User record for this request has been auto-deleted due to inactivity by system admins.,Потребителският профил за това запитване е бил автоматично изтрит от системните администратори поради липса на активност.
The allocated amount is greater than the outstanding amount of Payment Request {0},Разпределената сума е по-голяма от неизплатената сума по платежното искане {0}
The application name will be used in the Login page.,Името на приложението ще се използва на страницата за вход.
"The browser API key obtained from the Google Cloud Console under <a href=""https://console.cloud.google.com/apis/credentials"">|||""APIs &amp; Services"" &gt; ""Credentials""|||</a>","Ключът за API на браузъра, получен от Google Cloud Console в раздела <a href=""https://console.cloud.google.com/apis/credentials"">|||„API и услуги“ > „Удостоверения“|||"
The changes have been reverted.,Промените бяха отменени.
The completed quantity {0} of an operation {1} cannot be greater than the completed quantity {2} of a previous operation {3}.,Изпълненото количество {0} на операция {1} не може да бъде по-голямо от изпълненото количество {2} на предходна операция {3}.
The contents of this email are strictly confidential. Please do not forward this email to anyone.,"Съдържанието на този имейл е строго поверително. Моля, не препращайте този имейл на никого."
The count shown is an estimated count. Click here to see the accurate count.,"Показаният брой е приблизителен. Кликнете тук, за да видите точния брой."
The currency of invoice {} ({}) is different from the currency of this dunning ({}).,Валутата на фактура {} ({}) е различна от валутата на настоящото напомнително писмо ({}).
The default BOM for that item will be fetched by the system. You can also change the BOM.,Системата ще изтегли стандартната спецификация за този артикул. Можете също така да промените спецификацията.
The document type selected is a child table,Избраният тип документ е подтаблица
The email button is enabled for the user in the document.,Бутонът за изпращане по имейл е активиран за потребителя в документа.
The field {0} in row {1} is not set,Полето {0} в ред {1} не е попълнено
The field {0} is mandatory,Полето {0} е задължително
The fieldname you've specified in Attached To Field is invalid,"Името на полето, което сте посочили в полето „Прикачено към“, е невалидно"
The finished product {0} quantity {1} and For Quantity {2} cannot be different,Броят на готовите продукти {0} и броят {2} не могат да се различават
The fiscal year has been automatically created in a Disabled state to maintain consistency with the previous fiscal year's status.,"Финансовата година е създадена автоматично със статус „Деактивирана“, за да се запази съгласуваността със статуса на предходната финансова година."
The following Assignment Days have been repeated: {0},Повторени са следните дни за задачи: {0}
The following Header Script will add the current date to an element in 'Header HTML' with class 'header-content',Следващият скрипт за заглавната част ще добави текущата дата към елемент в „Header HTML“ с клас „header-content“
The following Items,Следните артикули
The following assets have failed to automatically post depreciation entries: {0},За следните активи не са били автоматично осчетоводени амортизационните отчисления: {0}
The following batches are expired,Срокът на годност на следните партиди е изтекъл
The following cancelled repost entries exist for <b>{0}</b>:<br><br>{1}<br><br>Kindly delete these entries before continuing.,"За {0} има следните отменени записи за повторно публикуване:  {1}  Моля, изтрийте тези записи, преди да продължите."
The following invalid Pricing Rules are deleted:,Следните невалидни правила за ценообразуване се премахват:
The following values are invalid: {0}. Values must be one of {1},Следните стойности са невалидни: {0}. Стойностите трябва да бъдат една от следните: {1}
The following values do not exist for {0}: {1},Следните стойности не съществуват за {0}: {1}
The items {0} and {1} are present in the following {2} :,Елементите {0} и {1} се съдържат в следното {2} :
The last scanned warehouse has been cleared and won't be set in the subsequently scanned items,Последният сканиран склад е изчистен и няма да бъде включен в следващите сканирани артикули
The limit has not set for the user type {0} in the site config file.,В конфигурационния файл на сайта не е зададен лимит за типа потребител {0}.
The link will expire in {0} minutes,Връзката ще изтече след {0} минути
The link you trying to login is invalid or expired.,"Връзката, чрез която се опитвате да влезете, е невалидна или срокът ѝ е изтекъл."
The next tour will start from where the user left off.,"Следващата обиколка ще започне от мястото, където потребителят е спрял."
The number of seconds until the request expires,Броят секунди до изтичане на валидността на заявката
The operation {0} can not add multiple times,Операцията {0} не може да се извършва многократно
The operation {0} can not be the sub operation,Операцията {0} не може да бъде подоперация
The original invoice should be consolidated before or along with the return invoice.,Оригиналната фактура трябва да бъде обединена с фактурата за връщане или да бъде издадена едновременно с нея.
The outstanding amount {0} in {1} is lesser than {2}. Updating the outstanding to this invoice.,Неплатената сума {0} във фактура {1} е по-малка от {2}. Актуализиране на неплатената сума по тази фактура.
The page you are looking for has gone missing.,"Страницата, която търсите, не съществува."
The percentage you are allowed to pick more items in the pick list than the ordered quantity.,"Процентът, с който можете да изберете повече артикули от списъка за подбор, отколкото е поръчаното количество."
The percentage you are allowed to transfer more against the quantity ordered. For example,"Процентът, с който можете да надвишите поръчаното количество. Например"
The print button is enabled for the user in the document.,Бутонът за печат е активиран за потребителя в документа.
"The project number obtained from Google Cloud Console under <a href=""https://console.cloud.google.com/iam-admin/settings"">|||""IAM &amp; Admin"" &gt; ""Settings""|||</a>","Номерът на проекта, получен от Google Cloud Console в раздела <a href=""https://console.cloud.google.com/iam-admin/settings"">|||„IAM &amp; Admin“ &gt; „Настройки“|||"
The report you requested has been generated.<br><br>Click here to download:<br><a href='{0}'>{0}</a><br><br>This link will expire in {1} hours.,"Поисканият от Вас доклад е готов.  Кликнете тук, за да го изтеглите: <a href='{0}'>{0}  Валидността на тази връзка изтича след {1} часа."
The reserved stock will be released when you update items. Are you certain you wish to proceed?,"Запазеният запас ще бъде освободен, когато актуализирате артикулите. Сигурен ли сте, че искате да продължите?"
The reserved stock will be released. Are you certain you wish to proceed?,"Запазеният запас ще бъде освободен. Сигурен ли сте, че искате да продължите?"
The reset password link has been expired,Връзката за възстановяване на паролата вече е изтекла
The reset password link has either been used before or is invalid,Връзката за нулиране на паролата вече е била използвана или е невалидна
The role {0} should be a custom role.,Ролята {0} трябва да бъде потребителска роля.
The serial and batch bundle {0} not linked to {1} {2},Серийният и партидният пакет {0} не са свързани с {1} {2}
The stock for the item {0} in the {1} warehouse was negative on the {2}. You should create a positive entry {3} before the date {4} and time {5} to post the correct valuation rate. For more details,"Наличността на артикула {0} в склада {1} беше отрицателна на {2}. Трябва да създадете запис с положителна стойност {3} преди датата {4} и часа {5}, за да отразите правилния оценителен курс. За повече подробности"
The stock has been reserved for the following Items and Warehouses,Запасите са запазени за следните артикули и складове
The sync has started in the background,Синхронизацията започна на заден план
The system is being updated. Please refresh again after a few moments.,"Системата се актуализира. Моля, опитайте отново след малко."
The task has been enqueued as a background job. In case there is any issue on processing in background,"Задачата е добавена в опашката като задача, изпълнявана във фонов режим. В случай че възникне проблем при обработката във фонов режим"
The total Issue / Transfer quantity {0} in Material Request {1}  cannot be greater than allowed requested quantity {2} for Item {3},Общото количество за издаване/прехвърляне {0} в заявката за материали {1} не може да надвишава разрешеното заявено количество {2} за артикул {3}
The total Issue / Transfer quantity {0} in Material Request {1} cannot be greater than requested quantity {2} for Item {3},Общото количество за издаване/прехвърляне {0} в заявката за материали {1} не може да надвишава заявеното количество {2} за артикул {3}
The total column width cannot be more than 10.,Общата ширина на колоната не може да надвишава 10.
The total number of user document types limit has been crossed.,Превишен е общият лимит за броя на типовете потребителски документи.
The uploaded file does not match the selected Code List.,Каченият файл не съответства на избрания списък с кодове.
The user can create a new Item but cannot edit existing items.,"Потребителят може да създава нови елементи, но не може да редактира съществуващи елементи."
The user can delete Draft / Cancelled documents.,Потребителят може да изтрива документи в чернова или отменени документи.
The user can export report data.,Потребителят може да експортира данните от отчета.
The user can import new records or update existing data for the document.,Потребителят може да импортира нови записи или да актуализира съществуващите данни за документа.
The user can select a Customer in Sales Order but cannot open the Customer master.,"Потребителят може да избере клиент в поръчката за продажба, но не може да отвори основния запис на клиента."
The user can share document access with another user.,Потребителят може да предостави достъп до документа на друг потребител.
The user can update a customer or any other fields in an existing Sales Order but cannot create a new Sales Order.,"Потребителят може да актуализира данните за клиент или други полета в съществуваща поръчка за продажби, но не може да създава нови поръчки за продажби."
The user can view Sales Invoices but cannot modify any field values in them.,"Потребителят може да разглежда фактури за продажба, но не може да променя стойностите на полетата в тях."
The user cannot submit the Serial and Batch Bundle manually,Потребителят не може да въведе ръчно серийния номер и номера на партидата
The users with this Role are allowed to create/modify a stock transaction,Потребителите с тази роля имат право да създават/променят сделката със стоки
The value you pasted was {0} characters long. Max allowed characters is {1}.,Вмъкнатата от вас стойност е с дължина {0} символа. Максималният брой символи е {1}.
The warehouse where you store finished Items before they are shipped.,"Складът, където се съхраняват готовите артикули преди изпращането им."
The warehouse where you store your raw materials. Each required item can have a separate source warehouse. Group warehouse also can be selected as source warehouse. On submission of the Work Order,"Складът, в който съхранявате суровините си. За всеки необходим артикул може да бъде посочен отделен изходен склад. Като изходен склад може да бъде избран и групов склад. При подаване на производствената поръчка"
The warehouse where your Items will be transferred when you begin production. Group Warehouse can also be selected as a Work in Progress warehouse.,"Складът, в който ще бъдат преместени вашите артикули, когато започнете производството. Груповият склад може да бъде избран и като склад за незавършена продукция."
The {0} contains Unit Price Items.,{0} съдържа артикули с единична цена.
The {0} {1} does not match with the {0} {2} in the {3} {4},{0} {1} не съвпада с {0} {2} в {3} {4}
The {0} {1} is used to calculate the valuation cost for the finished good {2}.,{0} {1} се използва за изчисляване на себестойността на готовия продукт {2}.
Theme Changed,Темата е променена
There are ledger entries against this account. Changing {0} to non-{1} in live system will cause incorrect output in 'Accounts {2}' report,"Има счетоводни записи по тази сметка. Промяната на {0} на стойност, различна от {1}, в производствената система ще доведе до неточен резултат в отчета „Сметки {2}“"
There are no Failed transactions,Няма неуспешни транзакции
There are no active Fiscal Years for which Demo Data can be generated.,"Няма активни финансови години, за които да могат да бъдат генерирани демо данни."
There are no slots available on this date,На тази дата няма свободни места
There are no upcoming events for you.,Няма предстоящи събития за вас.
There are no {0} for this {1},Няма {0} за този {1}
There are two options to maintain valuation of stock. FIFO (first in - first out) and Moving Average. To understand this topic in detail please visit <a href='https://docs.frappe.io/erpnext/user/manual/en/calculation-of-valuation-rate-in-fifo-and-moving-average' target='_blank'>Item Valuation,"Има два метода за оценяване на запасите: FIFO (първо влязло – първо излязло) и „плъзгаща средна“. За да разберете по-подробно тази тема, моля, посетете <a href='https://docs.frappe.io/erpnext/user/manual/en/calculation-of-valuation-rate-in-fifo-and-moving-average' target='_blank'>Оценяване на стоките"
There aren't any item variants for the selected item,За избрания артикул няма варианти
There can be only 9 Page Break fields in a Web Form,В уеб формуляра могат да има само 9 полета за разделител на страници
There is already a valid Lower Deduction Certificate {0} for Supplier {1} against category {2} for this time period.,За този период вече има валидно удостоверение за по-ниско приспадане {0} за доставчика {1} по категория {2}.
There is already an active Subcontracting BOM {0} for the Finished Good {1}.,Вече има активен списък с компоненти за подизпълнители {0} за готовия продукт {1}.
There is nothing new to show you right now.,В момента нямам нищо ново да ви покажа.
There must be atleast 1 Finished Good in this Stock Entry,В този запис за стоковата наличност трябва да има поне 1 готова продукция
There was an error creating Bank Account while linking with Plaid.,Възникна грешка при създаването на банкова сметка по време на свързването с Plaid.
There was an error syncing transactions.,Възникна грешка при синхронизирането на транзакциите.
There was an error updating Bank Account {} while linking with Plaid.,Възникна грешка при актуализирането на банковата сметка {} по време на свързването с Plaid.
There was an issue connecting to Plaid's authentication server. Check browser console for more information,Възникна проблем при свързването със сървъра за удостоверяване на Plaid. Проверете конзолата на браузъра за повече информация
There were issues unlinking payment entry {0}.,Възникнаха проблеми при премахването на връзката с платежния запис {0}.
There's nothing here,Тук няма нищо
These announcements will appear inside a dismissible alert below the Navbar.,"Тези съобщения ще се появяват в изскачащ прозорец под лентата за навигация, който може да бъде затворен."
These settings are required if 'Custom' LDAP Directory is used,"Тези настройки са задължителни, ако се използва „персонализирана“ LDAP директория"
This Account has '0' balance in either Base Currency or Account Currency,"Салдото по тази сметка е „0“ както в основната валута, така и във валутата на сметката"
This Doctype does not contain latitude and longitude fields,Този Doctype не съдържа полета за географска ширина и дължина
This Doctype does not contain location fields,Този Doctype не съдържа полета за местоположение
This PDF cannot be uploaded as it contains unsafe content.,"Този PDF файл не може да бъде качен, тъй като съдържа опасно съдържание."
This PO has been fully subcontracted.,Изпълнението на тази поръчка е изцяло възложено на подизпълнители.
This action is irreversible. Do you wish to continue?,Това действие е необратимо. Искате ли да продължите?
This asset category is marked as non-depreciable. Please disable depreciation calculation or choose a different category.,"Тази категория активи е маркирана като „неподлежаща на амортизация“. Моля, деактивирайте изчисляването на амортизацията или изберете друга категория."
This card is visible only to Administrator and System Managers by default. Set a DocType to share with users who have read access.,"По подразбиране тази карта е видима само за администратора и системните мениджъри. Задайте тип документ, за да я споделите с потребители, които имат право на четене."
This doctype has no orphan fields to trim,"Този тип документ няма изоставени полета, които да бъдат премахнати"
This doctype has pending migrations,За този тип документ има чакащи миграции
This document allows you to edit limited fields. For all kinds of workspace customization,Този документ ви позволява да редактирате определени полета. За всички видове персонализиране на работната среда
This document can not be deleted right now as it's being modified by another user. Please try again after some time.,"Този документ не може да бъде изтрит в момента, тъй като се редактира от друг потребител. Моля, опитайте отново след известно време."
This document has already been queued for submission. You can track the progress over {0}.,Този документ вече е добавен в опашката за подаване. Можете да следите статуса му на {0}.
This document has unsaved changes which might not appear in final PDF. <br> Consider saving the document before printing.,"В този документ има незапазени промени, които може да не се отразят в окончателния PDF файл. Препоръчваме да запазите документа преди печат."
This document is currently locked and queued for execution. Please try again after some time.,"В момента този документ е заключен и е в опашката за изпълнение. Моля, опитайте отново след известно време."
This feature can not be used as dependencies are missing.|||				Please contact your system manager to enable this by installing pycups!,"Тази функция не може да се използва, тъй като липсват необходимите зависимости.||| Моля, свържете се със системния администратор, за да я активирате чрез инсталиране на pycups!"
This field is used to set the 'Customer'.,Това поле се използва за задаване на „Клиент“.
This file is attached to a protected document and cannot be deleted.,Този файл е прикачен към защитен документ и не може да бъде изтрит.
This file is public and can be accessed by anyone,Този файл е публичен и всеки може да има достъп до него
This file is public. It can be accessed without authentication.,Този файл е публичен. Достъпът до него е възможен без удостоверяване на самоличността.
This filter will be applied to Journal Entry.,Този филтър ще се приложи към счетоводната статия.
This form is not editable due to a Workflow.,Този формуляр не може да бъде редактиран поради работния поток.
This is a Template BOM and will be used to make the work order for {0} of the item {1},Това е образец на спецификация и ще се използва за изготвяне на производствена поръчка за {0} бройки от артикул {1}
This is a preview of the email to be sent. A PDF of the document will automatically be attached with the email.,"Това е предварителен преглед на имейла, който ще бъде изпратен. Към имейла автоматично ще бъде прикачен PDF файл с документа."
This is a virtual doctype and data is cleared periodically.,Това е виртуален тип документ и данните се изтриват периодично.
This is considered dangerous from accounting point of view.,От счетоводна гледна точка това се счита за опасно.
This is enabled by default. If you want to plan materials for sub-assemblies of the Item you're manufacturing leave this enabled. If you plan and manufacture the sub-assemblies separately,"Тази опция е активирана по подразбиране. Ако искате да планирате материалите за подкомплектите на изделието, което произвеждате, оставете тази опция активирана. Ако планирате и произвеждате подкомплектите поотделно"
This is for raw material Items that'll be used to create finished goods. If the Item is an additional service like 'washing' that'll be used in the BOM,"Това се отнася за суровини, които ще бъдат използвани за производството на готова продукция. Ако артикулът представлява допълнителна услуга, като например „пране“, която ще бъде включена в спецификацията"
This item filter has already been applied for the {0},Този филтър вече е приложен за {0}
This newsletter is scheduled to be sent on {0},Изпращането на този бюлетин е насрочено за {0}
This newsletter was scheduled to send on a later date. Are you sure you want to send it now?,"Изпращането на този бюлетин беше насрочено за по-късна дата. Сигурен ли сте, че искате да го изпратите сега?"
This option can be checked to edit the 'Posting Date' and 'Posting Time' fields.,"Можете да маркирате тази опция, за да редактирате полетата „Дата на публикуване“ и „Час на публикуване“."
This report contains {0} rows and is too big to display in browser,"Този отчет съдържа {0} реда и е прекалено голям, за да се покаже в браузъра"
This schedule was created when Asset {0} was adjusted through Asset Value Adjustment {1}.,"Този график беше създаден, когато актив {0} беше коригиран чрез корекция на стойността на актива {1}."
This schedule was created when Asset {0} was consumed through Asset Capitalization {1}.,"Този график беше създаден, когато актив {0} беше изразходван чрез капитализация на актива {1}."
This schedule was created when Asset {0} was repaired through Asset Repair {1}.,"Този график беше създаден, когато актив {0} беше ремонтиран чрез услугата „Ремонт на активи“ {1}."
This schedule was created when Asset {0} was restored due to Sales Invoice {1} cancellation.,Този график беше създаден при възстановяването на актив {0} вследствие на анулирането на фактура за продажба {1}.
This schedule was created when Asset {0} was restored on Asset Capitalization {1}'s cancellation.,Този график беше създаден при възстановяването на актив {0} при отмяната на капитализацията на актива {1}.
This schedule was created when Asset {0} was restored.,Този график беше създаден при възстановяването на ресурса {0}.
This schedule was created when Asset {0} was returned through Sales Invoice {1}.,"Този график беше създаден, когато активът {0} беше върнат чрез фактура за продажба {1}."
This schedule was created when Asset {0} was scrapped.,Този график беше създаден при бракуването на актив {0}.
This schedule was created when Asset {0} was updated after being split into new Asset {1}.,Този график беше създаден при актуализирането на ресурс {0} след разделянето му на нов ресурс {1}.
This schedule was created when Asset {0} was {1} through Sales Invoice {2}.,"Този график беше създаден, когато актив {0} беше {1} чрез фактура за продажба {2}."
This schedule was created when Asset {0}'s Asset Repair {1} was cancelled.,"Този график беше създаден, когато ремонтът {1} на актив {0} беше отменен."
This schedule was created when Asset {0}'s Asset Value Adjustment {1} was cancelled.,"Този график беше създаден, когато корекцията на стойността на актива {0} беше отменена."
This schedule was created when Asset {0}'s shifts were adjusted through Asset Shift Allocation {1}.,"Този график беше създаден, когато смени на ресурс {0} бяха коригирани чрез функцията „Разпределение на смени за ресурси“ {1}."
This schedule was created when new Asset {0} was split from Asset {1}.,"Този график беше създаден, когато актив {0} беше отделен от актив {1}."
This site is in read only mode,Този сайт е в режим „само за четене“
This site is running in developer mode. Any change made here will be updated in code.,"Този сайт работи в режим за разработчици. Всяка промяна, направена тук, ще бъде отразена в кода."
This table is used to set details about the 'Item',Тази таблица се използва за задаване на подробности за „елемента“
This value is fetched from {0}'s {1} field,Тази стойност се извлича от полето {1} на {0}
This value shall be used when no matching Common Code for a record is found.,"Тази стойност се използва, когато не бъде намерен съответстващ общ код за даден запис."
This value specifies the max number of rows that can be rendered in report view.,"Тази стойност определя максималния брой редове, които могат да бъдат визуализирани в изгледа на отчета."
This will reset this tour and show it to all users. Are you sure?,Това ще нулира тази обиколка и ще я покаже на всички потребители. Сигурен ли сте?
This will terminate the job immediately and might be dangerous,Това ще прекрати задачата незабавно и може да бъде опасно
This {} will be treated as material transfer.,Това {} ще се третира като прехвърляне на материали.
Threshold for Suggestion (In Percentage),Праг за внушение (в проценти)
Time Taken,Отнето време
Time Taken to Deliver,Време за доставка
Time Window (Seconds),Времеви интервал (секунди)
Time in Queries,Време в заявките
Time in mins,Време в минути
Time in mins.,Време в минути
Time slot is not available,Времевият интервал не е наличен
Timed Out,Изтекло време
Timeless Night,Вечна нощ
Timeout,Изтичане на времето
Timeout (In Seconds),Време за изчакване (в секунди)
To Date is mandatory,Полето „Дата“ е задължително
To Delivery Date,До датата на доставка
To Doctype,Към Doctype
To Due Date,До крайния срок
To Payment Date,До датата на плащане
To Reference Date,Към датата на позоваване
To add Operations tick the 'With Operations' checkbox.,"За да добавите операции, отбележете квадратчето „С операции“."
To add dynamic values from the document,За да добавите динамични стойности от документа
To add subcontracted Item's raw materials if include exploded items is disabled.,"За да добавите суровини за позиции, възложени на подизпълнители, ако опцията за включване на разбивка на позициите е деактивирана."
To allow more reports update limit in System Settings.,"За да разрешите повече отчети, променете ограничението в „Системни настройки“."
To apply condition on parent field use parent.field_name and to apply condition on child table use doc.field_name. Here field_name could be based on the actual column name of the respective field.,"За да приложите условие към поле в родителската таблица, използвайте parent.field_name, а за да приложите условие към поле в дъщерната таблица, използвайте doc.field_name. Тук field_name може да се основава на действителното име на колоната на съответното поле."
To be Delivered to Customer,За доставка до клиента
To begin the date range at the start of the chosen period. For example,За да започне диапазонът от дати от началото на избрания период. Например
To cancel a {} you need to cancel the POS Closing Entry {}.,"За да анулирате {}, трябва да анулирате {} записите за приключване на касовия ден."
To enable Capital Work in Progress Accounting,За да активирате счетоводството на капиталовите незавършени производства
To enable server scripts,За да активирате скриптовете на сървъра
To export this step as JSON,За да експортирате тази стъпка като JSON
To include non-stock items in the material request planning. i.e. Items for which 'Maintain Stock' checkbox is unticked.,"За да се включат артикули, които не са на склад, в планирането на заявките за материали, т.е. артикули, при които отметката в полето „Поддържане на наличност“ не е поставена."
To include sub-assembly costs and scrap items in Finished Goods on a work order without using a job card,"Да се включат разходите за подкомплекти и бракуваните артикули в раздела „Готова продукция“ на производствената поръчка, без да се използва работна карта"
To manage your authorized third party apps,За да управлявате одобрените приложения на трети страни
To print output use <code>print(text)</code>,"За да отпечатате резултата, използвайте print(text)"
To set the role {0} in the user {1},За да зададете ролята {0} на потребителя {1}
To submit the invoice without purchase order please set {0} as {1} in {2},"За да подадете фактурата без поръчка за доставка, моля, променете {0} на {1} в {2}"
To submit the invoice without purchase receipt please set {0} as {1} in {2},"За да подадете фактурата без складова бележка за получаване, моля, задайте {0} като {1} в {2}"
To use Google Indexing,За да използвате индексирането от Google
To use a different finance book,За да използвате друга книга по финанси
To use a different finance book,За да използвате друга книга по финанси
To version,Към версия
Toggle Full Width,Превключване на пълна ширина
Toggle Section: {0},Превключване на раздела: {0}
Toggle Theme,Превключване на темата
Token Cache,Кеш на токените
Token Type,Тип на токена
Token URI,URI на токена
Tomorrow,Утре
Too Many Documents,Твърде много документи
Too many changes to database in single action.,Прекалено много промени в базата данни с едно действие.
Too many queued background jobs ({0}). Please retry after some time.,"Има прекалено много задачи на заден план в опашката ({0}). Моля, опитайте отново след известно време."
Too many requests. Please try again later.,"Прекалено много заявки. Моля, опитайте отново по-късно."
Top 10,Топ 10
Top Center,В горната централна част
Top Errors,Най-често срещани грешки
Top Left,В горния ляв ъгъл
Top Right,В горния десен ъгъл
Total Allocations,Общо отпуснати средства
Total Amount Due,Обща дължима сума
Total Asset,Общи активи
Total Asset Cost,Обща стойност на активите
Total Background Workers,Общ брой работници на заден план
Total Billing Hours,Общо отчетени часове
Total Contribution Amount Against Invoices: {0},Обща сума на плащанията по фактури: {0}
Total Contribution Amount Against Orders: {0},Обща сума на вноските по поръчки: {0}
Total Equity,Общ собствен капитал
Total Errors (last 1 day),Общ брой грешки (за последния 1 ден)
Total Images,Общо изображения
Total Incoming Value (Receipt),Обща стойност на постъпленията (постъпления)
Total Interest,Обща лихва
Total Issues,Общо бройки
Total Items,Общо бройки
Total Liability,Общи пасиви
Total Number of Booked Depreciations,Общ брой на отчетените амортизационни разходи
Total Only,Само общо
Total Operation Time,Общо време на работа
Total Other Charges,Общо други разходи
Total Outgoing Emails,Общ брой изпратени имейли
Total Outgoing Value (Consumption),Обща стойност на изходящите потоци (потребление)
Total Picked Quantity {0} is more than ordered qty {1}. You can set the Over Picking Allowance in Stock Settings.,Общото количество на събраните артикули {0} надвишава поръчаното количество {1}. Можете да зададете допустимото надвишаване на събраното количество в настройките за складовите запаси.
Total Purchase Amount,Обща стойност на покупката
Total Recipients,Общ брой получатели
Total Repair Cost,Обща стойност на ремонта
Total Reposting Count,Общ брой препубликувания
Total Sales Amount,Обща стойност на продажбите
Total Supplied Qty,Общо доставено количество
Total Time (in Mins),Общо време (в минути)
Total Users,Общ брой потребители
Total Value,Обща стойност
Total Value Difference (Incoming - Outgoing),Обща разлика в стойността (постъпили – изплатени)
Total Views,Общ брой прегледи
Total Weight (kg),Общо тегло (кг)
Total Working Time,Общо работно време
Total completed quantity: {0},Общо изпълнено количество: {0}
Total percentage against cost centers should be 100,Общият процент по разходни центрове трябва да бъде 100
Total:,Общо:
Trace ID,Идентификационен номер
Track Steps,Отчитане на стъпките
Tracking Status,Статус на проследяване
Tracking Status Info,Информация за състоянието на пратката
Tracking URL,URL за проследяване
Tracking URL generated and copied to clipboard,Генериран URL за проследяване и копиран в клипборда
Transaction Deletion Document: {0} is running for this Company. {1},Документ за изтриване на транзакция: {0} се изпълнява за тази компания. {1}
Transaction Deletion Record,Запис за изтриване на транзакция
Transaction Deletion Record Details,Подробности за записите за изтриване на транзакции
Transaction Deletion Record Item,Елемент на запис за изтриване на транзакция
Transaction Exchange Rate,Обменен курс по сделката
Transaction Name,Име на транзакцията
Transaction Qty,Брой транзакции
Transaction Settings,Настройки на транзакциите
Transaction currency: {0} cannot be different from Bank Account({1}) currency: {2},Валутата на транзакцията: {0} не може да се различава от валутата на банковата сметка ({1}): {2}
Transaction date can't be earlier than previous movement date,Датата на транзакцията не може да бъде по-ранна от датата на предходното движение
Transactions against the Company already exist! Chart of Accounts can only be imported for a Company with no transactions.,"Вече има операции за тази фирма! Схемата на сметките може да се импортира само за фирма, за която няма операции."
Transfer Asset,Прехвърляне на актив
Transfer From Warehouses,Прехвърляне от складове
Transfer and Issue,Прехвърляне и издаване
Transit,Транзит
Transit Entry,Транзитно влизане
Transition Properties,Свойства на прехода
Translate Data,Превод на данни
Translate Link Fields,Преведи полетата на връзките
Translate values,Преведи стойностите
Translator,Преводач
Tree View,Изглед на дърво
Trigger caching,Кеширане на тригери
Trim Table,Таблица за подстригване
Truncates 'Remarks' column to set character length,Съкращава колоната „Забележки“ до зададената дължина на символите
Try Again,Опитай отново
Try a Naming Series,Опитайте серията „Имена“
Try the new Print Designer,Опитайте новия Print Designer
Turnover Ratios,Коефициенти на оборота
Type Distribution,Разпределение по вид
Type Of Call,Вид на повикването
Type a reply / comment,Напишете отговор/коментар
Type of Transaction,Вид на транзакцията
Type title,Заглавие на типа
Type your reply here...,Напишете отговора си тук...
UAE VAT 201,ДДС в ОАЕ 201
UAE VAT Account,Сметка за ДДС в ОАЕ
UAE VAT Accounts,Счетоводни отчети за ДДС в ОАЕ
UAE VAT Settings,Настройки за ДДС в ОАЕ
UI Tour,Обиколка на потребителския интерфейс
UOM conversion factor required for UOM: {0} in Item: {1},Необходим коефициент за превръщане на мерната единица за: {0} в позиция: {1}
UOM {0} not found in Item {1},Единица мярка {0} не е намерена в артикул {1}
UPC,Универсален код на продукта
URIs for receiving authorization code once the user allows access,"URI адреси за получаване на код за оторизация, след като потребителят разреши достъпа"
URL must start with http:// or https://,URL адресът трябва да започва с http:// или https://
UnBuffered Cursor,Курсор без буфер
UnReconcile,Несъвместимост
UnReconcile Allocations,Несъвпадение на разпределенията
Unable to find the time slot in the next {0} days for the operation {1}. Please increase the 'Capacity Planning For (Days)' in the {2}.,"Не може да бъде намерен свободен интервал в следващите {0} дни за операция {1}. Моля, увеличете „Планиране на капацитета за (дни)“ в {2}."
Unable to find variable:,Не може да се намери променлива:
Unable to send mail because of a missing email account. Please setup default Email Account from Settings > Email Account,"Не е възможно да се изпрати имейл, тъй като липсва имейл акаунт. Моля, настройте имейл акаунт по подразбиране от „Настройки“ > „Имейл акаунт“"
Unassigned Qty,Неразпределено количество
Under Working Hours table,Таблица „Работно време“
Undo,Отмени
Undo last action,Отмени последното действие
Unhandled Emails,Необработени имейли
Unhide Workspace,Показване на работната среда
Unit Price,Единична цена
Unknown Rounding Method: {},Неизвестен метод за закръгляване: {}
Unlinked,Без връзка
Unlock Reference Document,Достъп до справочния документ
Unpublish,Отмени публикуването
Unqualified,Без квалификация
Unrealized Profit / Loss Account,Сметка за нереализирани печалби/загуби
Unrealized Profit / Loss account for intra-company transfers,Сметка за нереализирана печалба/загуба от вътрешнофирмени преводи
Unrealized Profit/Loss account for intra-company transfers,Сметка за нереализирани печалби/загуби от вътрешнофирмени прехвърляния
Unreconcile Payment,Несъвпадащо плащане
Unreconcile Payment Entries,Несъвпадащи плащания
Unreconcile Transaction,Несъгласувана транзакция
Unreconciled Amount,Неуредена сума
Unreconciled Entries,Несъвпадащи записи
Unreserve,Отмени резервацията
Unreserve Stock,Разблокиране на запасите
Unreserving Stock...,Наличност без ограничения...
Unsafe SQL query,Небезопасен SQL-заявка
Unset Matched Payment Request,Отмяна на заявка за съгласувано плащане
Up,Нагоре
Update Amendment Naming,"Актуализация, изменение, наименование"
Update Batch Qty,Актуализиране на количеството в партидата
Update Billed Amount in Delivery Note,Актуализиране на фактурираната сума в складовата разписка
Update Billed Amount in Purchase Order,Актуализиране на фактурираната сума в поръчката за покупка
Update Billed Amount in Purchase Receipt,Актуализиране на фактурираната сума в документа за покупка
Update Costing and Billing,Актуализиране на калкулацията на разходите и фактурирането
Update Existing Price List Rate,Актуализиране на тарифите в съществуващия ценоразпис
Update Hooks Resolution Order,Редактиране на реда на изпълнение на куките
Update Order,Актуализиране на поръчката
Update Outstanding for Self,Изключително актуализиране за себе си
Update Price List Based On,Актуализиране на ценовата листа въз основа на
Update Rate as per Last Purchase,Честота на актуализация според последната покупка
Update Series Counter,Актуализиране на брояча на сериите
Update frequency of Project,Честота на актуализиране на проекта
Update from Frappe Cloud,Новини от Frappe Cloud
Update stock must be enabled for the purchase invoice {0},Функцията за актуализиране на наличностите трябва да бъде активирана за фактурата за покупка {0}
Update the modified timestamp on new communications received in Lead & Opportunity.,"Актуализирайте времевата отметка за промяна при новите съобщения, получени в модулите „Лийди“ и „Възможности“."
Update timestamp on new communication,Актуализиране на времевата марка при ново съобщение
Update {0} records,Актуализиране на {0} записи
Updated via 'Time Log' (In Minutes),Актуализирано чрез „Регистър на времето“ (в минути)
Updates,Актуализации
Updating Costing and Billing fields against this Project...,Актуализиране на полетата за калкулация на разходите и фактуриране за този проект...
Updating Email Queue Statuses. The emails will be picked up in the next scheduled run.,Актуализиране на статуса на опашката с имейли. Имейлите ще бъдат обработени при следващото планирано изпълнение.
Updating Work Order status,Актуализиране на статуса на работния ордер
Updating counter may lead to document name conflicts if not done properly,"Актуализирането на брояча може да доведе до конфликти в имената на документите, ако не се извърши правилно"
Updating global settings,Актуализиране на глобалните настройки
Updating naming series options,Актуализиране на опциите за сериите на имената
Updating related fields...,Актуализиране на свързаните полета...
Upgrade plan,План за надграждане
Upgrade your support experience with Frappe Helpdesk,Подобрете обслужването на клиентите си с Frappe Helpdesk
Upload Bank Statement,Качи извлечение от банкова сметка
Upload Image,Качи изображение
Uploading backup to Google Drive.,Качване на резервно копие в Google Drive.
Uploading successful.,Качването приключи успешно.
Uploading to Google Drive,Качване в Google Drive
Upon enabling this,След като активирате тази опция
Use 'Repost in background' button to trigger background job. Job can only be triggered when document is in Queued or Failed status.,"Използвайте бутона „Препубликувай във фонов режим“, за да стартирате фонова задача. Задачата може да бъде стартирана само когато документът е със статус „В опашката“ или „Неуспешна“."
Use Batch-wise Valuation,Използвайте оценяване на партиди
Use Company Default Round Off Cost Center,Използване на стандартния център за разходи за закръгляване на компанията
Use Company default Cost Center for Round off,Използвайте стандартния център за разходи на компанията за закръгляване
Use First Day of Period,Използвай първия ден от цикъла
Use HTML,Използвайте HTML
Use HTTP Protocol,Използвайте протокола HTTP
Use Item based reposting,Използване на препубликуване на базата на елементи
Use Legacy Controller For Period Closing Voucher,Използване на стария контролер за документи за приключване на периода
Use Number Format from Currency,Използвай формат на числото от валутата
Use Prices from Default Price List as Fallback,Използвай цените от стандартния ценоразпис като резервен вариант
Use STARTTLS,Използвайте STARTTLS
Use Serial / Batch Fields,Използване на полета за серийни номера / партидни номера
Use Serial No / Batch Fields,Използване на полетата „Сериен номер“ и „Партида“
Use Transaction Date Exchange Rate,Използвай обменния курс към датата на транзакцията
Use a few uncommon words together.,Използвайте няколко по-рядко срещани думи заедно.
Use different Email ID,Използвайте друг имейл адрес
Use the new Print Format Builder,Използвайте новия инструмент за създаване на формати за печат
Use this,Използвайте това
Used OAuth,Използва се OAuth
User Changed,Потребителят се промени
User Document Type,Тип потребителски документ
User Document Types Limit Exceeded,Превишен лимит за типовете потребителски документи
User Forum,Потребителски форум
User Group,Потребителска група
User Group Member,Член на потребителска група
User Group Members,Членове на потребителската група
User Id Field,Поле за потребителско име
User Id Field is mandatory in the user type {0},Полето „Идентификационен номер на потребителя“ е задължително за типа потребител {0}
User Invitation,Покана за потребител
User Menu,Меню за потребителя
User Role,Роля на потребителя
User Select Document Type,Потребителят избира типа на документа
User Type Module,Модул за тип потребител
User does not exist.,Потребителят не съществува.
User does not have permission to create the new {0},Потребителят няма права да създава нов {0}
User is disabled,Потребителят е деактивиран
User with email address {0} does not exist,Потребител с имейл адрес {0} не съществува
User with email: {0} does not exist in the system. Please ask 'System Administrator' to create the user for you.,"Потребител с имейл адрес: {0} не съществува в системата. Моля, помолете „системния администратор“ да създаде този потребител за вас."
User {0} does not have the permission to create a Workspace.,Потребителят {0} няма право да създава работна среда.
User {0} has started an impersonation session as you. <br><br><b>Reason provided:</b> {1},Потребителят {0} е стартирал сесия за имитиране на вашата самоличност.   B Посочена причина:B  {1}
User {0} impersonated as {1},Потребителят {0} се е представил за {1}
User {0} is disabled. Please contact your System Manager.,"Потребителят {0} е деактивиран. Моля, свържете се със системния администратор."
User {0} is not permitted to access this document.,Потребителят {0} няма право на достъп до този документ.
User {0}: Removed Employee Self Service role as there is no mapped employee.,"Потребител {0}: Ролята „Самообслужване на служители“ беше премахната, тъй като няма съответстващ служител."
User {0}: Removed Employee role as there is no mapped employee.,"Потребител {0}: Ролята „Служител“ беше премахната, тъй като няма съответстващ служител."
Userinfo URI,URI на потребителската информация
Users are only able to delete attached files if the document is either in draft or if the document is canceled and they are also able to delete the document.,Потребителите могат да изтриват прикачени файлове само ако документът е в чернова или ако документът е отменен и те имат право да изтрият самия документ.
Users can enable the checkbox If they want to adjust the incoming rate (set using purchase receipt) based on the purchase invoice rate.,"Потребителите могат да маркират отметката, ако желаят да коригират курса на входящите плащания (определен въз основа на касовата бележка) в съответствие с курса от фактурата за покупката."
Users with this role are allowed to over bill above the allowance percentage,Потребителите с тази роля имат право да надвишават разрешения процент
Users with this role are allowed to over deliver/receive against orders above the allowance percentage,"Потребителите с тази роля имат право да доставят/получават количества, надвишаващи разрешения процент по поръчките"
Uses system's theme to switch between light and dark mode,"Използва системната тема, за да превключва между светъл и тъмен режим"
Using negative stock disables FIFO/Moving average valuation when inventory is negative.,"Използването на отрицателни наличности деактивира оценката по метода „първо влязло, първо излязло“ (FIFO) или по метода на плъзгащата средна стойност, когато наличностите са отрицателни."
Utilization,Използване
Utilization %,Процент на използване
VAT Accounts,Сметки по ДДС
VAT Amount (AED),Сума по ДДС (AED)
VAT Audit Report,Доклад от ДДС-одит
VAT on Expenses and All Other Inputs,ДДС върху разходите и всички други вложени ресурси
VAT on Sales and All Other Outputs,ДДС върху продажбите и всички други изходящи операции
Valid From must be after {0} as last GL Entry against the cost center {1} posted on this date,"Полето „Валидно от“ трябва да бъде след {0}, тъй като това е последният счетоводен запис за разходния център {1}, осчетоводен на тази дата"
Validate Components and Quantities Per BOM,Проверка на компонентите и количествата по спецификацията
Validate Consumed Qty (as per BOM),Проверка на изразходваното количество (съгласно спецификацията)
Validate Material Transfer Warehouses,Проверка на складовете за прехвърляне на материали
Validate Negative Stock,Проверка за отрицателни наличности
Validate Pricing Rule,Потвърди правило за ценообразуване
Validate Stock on Save,Проверка на наличността при запазване
Valuation (I - K),Оценяване (I – K)
Valuation Field Type,Тип поле „Оценка“
Valuation Rate (In / Out),Коефициент на оценка (входящ/изходящ)
Valuation rate for customer provided items has been set to zero.,Коефициентът за оценка на предоставените от клиента артикули е зададен на нула.
Valuation rate for the item as per Sales Invoice (Only for Internal Transfers),Коефициент на оценка за артикула съгласно търговската фактура (само за вътрешни прехвърляния)
Value (G - D),Стойност (G – D)
Value ({0}),Стойност ({0})
Value Based Inspection,"Инспекция, основана на стойността"
Value Details,Подробности за стойността
Value as on,Стойност към
Value of Goods,Стойност на стоките
Value of New Capitalized Asset,Стойност на новия капитализиран актив
Value of New Purchase,Стойност на новата покупка
Value of Scrapped Asset,Стойност на бракувания актив
Value of Sold Asset,Стойност на продадения актив
Value of goods cannot be 0,Стойността на стоките не може да бъде 0
Verification failed please check the link,"Проверката се провали, моля, проверете линка"
Via Landed Cost Voucher,Чрез ваучер за разходите при доставка
View BOM Update Log,Преглед на дневника за актуализации на списъка с компоненти
View Blog Post,Виж публикацията в блога
View Exchange Gain/Loss Journals,Преглед на дневниците за валутни печалби/загуби
View File,Преглед на файла
View General Ledger,Преглед на главната книга
View Ledgers,Преглед на счетоводните книги
View Stock Balance,Преглед на наличностите
View Stock Ledger,Преглед на счетоводната книга за запасите
View Switcher,Превключвател на изгледа
View all {0} users,Виж всички {0} потребители
View your response,Вижте отговора си
Virtual,Виртуален
Virtual DocType {} requires a static method called {} found {},"Виртуалният DocType {} изисква статичен метод с име {}, който се намира в {}"
Virtual DocType {} requires overriding an instance method called {} found {},"Виртуалният DocType {} изисква преопределяне на метод на инстанция с име {}, открит в {}"
Visibility,Видимост
Visible to website/portal users.,Видимо за потребителите на уебсайта/портала.
Visitor ID,Идентификационен номер на посетителя
Visual Plant Floor,Визуален план на производствения цех
Voice Call Settings,Настройки за гласови повиквания
Voucher,Ваучер
Voucher Name,Име на ваучера
Voucher No is mandatory,Номерът на ваучера е задължителен
Voucher Qty,Брой ваучери
Voucher Subtype,Подтип на ваучер
Voucher {0} is over-allocated by {1},Ваучерът {0} е надвишен с {1}
Voucher-wise Balance,Салдо по ваучери
WARNING: Exotel app has been separated from ERPNext,ВНИМАНИЕ: Приложението Exotel вече не е част от ERPNext
WIP Composite Asset,Незавършен композитен ресурс
Waiting for payment...,Очаквам плащане...
Want to discuss?,Искате ли да обсъдим?
Warehouse Capacity Summary,Обобщение на складовите мощности
Warehouse Capacity for Item '{0}' must be greater than the existing stock level of {1} {2}.,Складският капацитет за артикул „{0}“ трябва да е по-голям от наличните количества от {1} {2}.
Warehouse Details,Подробности за склада
Warehouse Disabled?,Складът не работи ли?
Warehouse Settings,Настройки на склада
Warehouse Wise Stock Balance,Складски наличности по складове
Warehouse {0} does not belong to Company {1}.,Склад {0} не принадлежи на компания {1}.
Warehouse {0} is not linked to any account,Складът {0} не е свързан с никакъв акаунт
Warehouse's Stock Value has already been booked in the following accounts:,Стойността на складовите наличности вече е отразена в следните сметки:
Warning - Row {0}: Billing Hours are more than Actual Hours,Предупреждение – ред {0}: Фактурираните часове надвишават действителните часове
Warning on Negative Stock,Предупреждение за отрицателен баланс
Warning!,Внимание!
Warning: DATA LOSS IMMINENT! Proceeding will permanently delete following database columns from doctype {0}:,Предупреждение: ИЗГУБВАНЕ НА ДАННИ! Продължаването ще доведе до окончателно изтриване на следните колони от базата данни от типа {0}:
Warning: Updating counter may lead to document name conflicts if not done properly,"Предупреждение: Актуализирането на брояча може да доведе до конфликти в имената на документите, ако не се извърши правилно"
Warning: Usage of 'format:' is discouraged.,Предупреждение: Не се препоръчва използването на 'format:'.
Watch Tutorial,Гледайте видеоурока
We can see {0} is made against {1}. If you want {1}'s outstanding to be updated,"Виждаме, че {0} е издаден срещу {1}. Ако искате да актуализирате просрочените задължения на {1}"
We do not allow editing of this document. Simply click the Edit button on the workspace page to make your workspace editable and customize it as you wish,"Не позволяваме редактирането на този документ. Просто натиснете бутона „Редактиране“ на страницата на работната среда, за да я направите редактируема и да я персонализирате по ваш избор"
We've received your query!,Получихме вашето запитване!
Weak,Слаб
Web Form List Column,Колона „Списък с уеб формуляри“
Web Page URL,URL адрес на уеб страницата
Web Template is not specified,Не е посочен уеб шаблон
Webhook Request Log,Регистър на заявките за уебхук
Website Search Field,Поле за търсене в уебсайта
Website Search Field must be a valid fieldname,Полето за търсене в уебсайта трябва да е валидно име на поле
Website Theme image link,Връзка към изображението на темата на уебсайта
Websocket,WebSocket
Week {0} {1},Седмица {0} {1}
Weekly Time to send,Време за изпращане всяка седмица
Weight (kg),Тегло (кг)
Welcome,Добре дошли
Welcome URL,Начален URL адрес
Welcome Workspace,Добре дошли в работната среда
What's New,Какво ново
When a parent warehouse is chosen,Когато е избран родителски склад
When creating an Item,При създаване на елемент
When sending document using email,При изпращане на документ по електронна поща
When there are multiple finished goods ({0}) in a Repack stock entry,Когато в операцията по въвеждане на запаси „Преопаковане“ има няколко готови изделия ({0})
When uploading files,При качване на файлове
While making Purchase Invoice from Purchase Order,При създаване на фактура за покупка въз основа на поръчка за покупка
Width (cm),Ширина (см)
Will run scheduled jobs only once a day for inactive sites. Set it to 0 to avoid automatically disabling the scheduler.,"За неактивните сайтове планираните задачи ще се изпълняват само веднъж дневно. Задайте стойност 0, за да не се деактивира автоматично планиращият модул."
With Period Closing Entry For Opening Balances,С операция за приключване на периода за начални салда
Withdrawal,Оттегляне
Work Order / Subcontract PO,Поръчка за работа / Поръчка за подизпълнение
Work Order Consumed Materials,Използвани материали по работен ордер
Worker Information,Информация за работниците
Worker Name,Име на работника
Workflow Action Permitted Role,Действие в работния поток – Разрешена роля
Workflow Builder,Конструктор на работни потоци
Workflow Builder ID,Идентификационен номер на инструмента за създаване на работни потоци
Workflow Builder allows you to create workflows visually. You can drag and drop states and link them to create transitions. Also you can update their properties from the sidebar.,"Workflow Builder ви позволява да създавате работни потоци по визуален начин. Можете да премествате състоянията с плъзгане и пускане и да ги свързвате, за да създавате преходи. Освен това можете да променяте техните свойства от страничната лента."
Workflow Data,Данни за работния поток
Workflow Details,Подробности за работния поток
Workflow updated successfully,Работният процес беше актуализиран успешно
Workspace,Работно пространство
Workspace <b>{0}</b> does not exist,Работното пространство {0} не съществува
Workspace Chart,Диаграма на работната среда
Workspace Custom Block,Персонализиран блок за работното пространство
Workspace Link,Връзка към работната среда
Workspace Manager,Мениджър на работната среда
Workspace Number Card,Карта с номер на работното място
Workspace Quick List,Бърз списък на работните пространства
Workspace Shortcut,Бърз достъп до работната среда
Workspace not found,Работното пространство не беше намерено
Workspace {0} Created Successfully,Работното пространство {0} беше създадено успешно
Workspace {0} Deleted Successfully,Работното пространство {0} беше успешно изтрито
Workspace {0} Edited Successfully,Работното пространство {0} беше редактирано успешно
Workspaces,Работни пространства
Workstation Dashboard,Табло на работната станция
Workstation Status,Състояние на работната станция
Workstation Type,Тип работна станция
Workstations,Работни станции
Would you like to publish this comment? This means it will become visible to website/portal users.,"Искате ли да публикувате този коментар? Това означава, че той ще стане видим за потребителите на уебсайта/портала."
Would you like to unpublish this comment? This means it will no longer be visible to website/portal users.,"Искате ли да скриете този коментар? Това означава, че той вече няма да е видим за потребителите на уебсайта/портала."
Write Off Limit,Лимит за отписване
Wrong Company,Неправилната компания
Wrong Template,Неправилен шаблон
XMLHttpRequest Error,Грешка при XMLHttpRequest
You Liked,Хареса ви
You added 1 row to {0},Добавихте 1 ред към {0}
You added {0} rows to {1},Добавихте {0} реда към {1}
You are impersonating as another user.,Вие се представяте за друг потребител.
You are importing data for the code list:,Импортирате данни за списъка с кодове:
You are not allowed to access this resource,Нямате право на достъп до този ресурс
You are not allowed to access this {0} record because it is linked to {1} '{2}' in row {3},"Нямате право на достъп до този запис {0}, тъй като той е свързан с {1} „{2}“ в ред {3}"
You are not allowed to edit the report.,Нямате право да редактирате отчета.
You are not allowed to edit this workspace,Нямате право да редактирате това работно пространство
You are not allowed to update the status of this event.,Нямате право да променяте статуса на това събитие.
You are not authorized to make/edit Stock Transactions for Item {0} under warehouse {1} before this time.,Нямате право да създавате/редактирате операции със стоки за артикул {0} в склад {1} преди този час.
You are not permitted to access this page without login.,"Нямате право на достъп до тази страница, ако не сте влезли в системата."
You are not permitted to access this resource. Login to access,"Нямате право на достъп до този ресурс. Влезте в системата, за да получите достъп"
You are only allowed to update order,Имате право само да актуализирате поръчката
You are picking more than required quantity for the item {0}. Check if there is any other pick list created for the sales order {1}.,"Избирате количество, по-голямо от необходимото за артикула {0}. Проверете дали има създаден друг лист за окомплектоване за поръчката {1}."
You are selecting Sync Option as ALL,Избирате опцията за синхронизиране „Всички“
You attached {0},Прикачили сте {0}
You can add the original invoice {} manually to proceed.,"Можете да добавите ръчно оригиналната фактура {}, за да продължите."
You can also access wkhtmltopdf variables (valid only in PDF print):,Можете също така да използвате променливите на wkhtmltopdf (валидни само при печат в PDF):
You can also copy-paste following link in your browser,Можете също така да копирате и поставите следния линк в браузъра си
You can ask your team to resend the invitation if you'd still like to join.,"Ако все пак искате да се присъедините, можете да помолите екипа си да ви изпрати поканата отново."
You can change the retention policy from {0}.,Можете да промените политиката за съхранение от {0}.
You can continue with the onboarding after exploring this page,"Можете да продължите с процеса на регистрация, след като разгледате тази страница"
You can disable this {0} instead of deleting it.,"Можете да деактивирате този {0}, вместо да го изтривате."
You can increase the limit from System Settings.,Можете да увеличите лимита от „Системни настройки“.
You can manually remove the lock if you think it's safe: {},"Можете ръчно да премахнете блокировката, ако сметнете, че е безопасно: {}"
You can only insert images in Markdown fields,Можете да вмъквате изображения само в полета за Markdown
You can only print upto {0} documents at a time,Можете да отпечатате до {0} документа наведнъж
You can only set the 3 custom doctypes in the Document Types table.,Можете да зададете само 3 потребителски типа документи в таблицата „Типове документи“.
You can only upload JPG,Можете да качвате само файлове във формат JPG
You can set a high value here if multiple users will be logging in from the same network.,"Можете да зададете висока стойност тук, ако няколко потребители ще влизат в системата от една и съща мрежа."
You can set it as a machine name or operation type. For example,Можете да го зададете като име на машина или тип операция. Например
You can use {0} to reconcile against {1} later.,"Можете да използвате {0}, за да го съпоставите с {1} по-късно."
You can't make any changes to Job Card since Work Order is closed.,"Не можете да правите промени в картата на задачата, тъй като работния ордер е приключена."
You can't process the serial number {0} as it has already been used in the SABB {1}. {2} if you want to inward same serial number multiple times then enabled 'Allow existing Serial No to be Manufactured/Received again' in the {3},"Не можете да обработите серийния номер {0}, тъй като той вече е използван в SABB {1}. {2} Ако искате да въведете един и същ серийен номер няколко пъти, активирайте опцията „Разреши повторно производство/приемане на съществуващ серийен номер“ в {3}"
You can't redeem Loyalty Points having more value than the Total Amount.,"Не можете да използвате точки за лоялност, чиято стойност надвишава общата сума."
You cancelled this document,Вие отменихте този документ
You cancelled this document {1},Вие отменихте този документ {1}
You cannot change the rate if BOM is mentioned against any Item.,"Не можете да промените цената, ако към дадена позиция е посочена спецификация."
You cannot create a {0} within the closed Accounting Period {1},Не можете да създадете {0} в рамките на приключения счетоводен период {1}
You cannot create/amend any accounting entries till this date.,До тази дата не можете да създавате или променяте счетоводни записи.
You cannot enable both the settings '{0}' and '{1}'.,Не можете да активирате едновременно настройките „{0}“ и „{1}“.
You cannot outward following {0} as either they are Delivered,"Не можете да проследите {0}, тъй като те вече са доставени"
You cannot repost item valuation before {},Не можете да преоцените артикула преди {}
You cannot share `{0}` on {1} `{2}` as you do not have `{0}` permission on `{1}`,"Не можете да споделите `{0}` в {1} `{2}`, тъй като нямате разрешение за `{0}` в `{1}`"
You cannot {0} this document because another Period Closing Entry {1} exists after {2},"Не можете да {0} този документ, тъй като след {2} вече съществува друга записка за приключване на периода {1}"
You changed the value of {0},Променихте стойността на {0}
You changed the value of {0} {1},Променихте стойността на {0} {1}
You changed the values for {0},Променихте стойностите за {0}
You changed the values for {0} {1},Променихте стойностите за {0} {1}
You changed {0} to {1},Променихте {0} на {1}
You created this,Ти създаде това
You created this document {0},Вие създадохте този документ {0}
You do not have Read or Select Permissions for {},Нямате права за четене или избор за {}
You do not have import permission for {0},Нямате разрешение за внос на {0}
You do not have permission to access {0}: {1}.,Нямате разрешение за достъп до {0}: {1}.
You don't have permission to access the {0} DocType.,Нямате разрешение за достъп до DocType {0}.
You have enabled {0} and {1} in {2}. This can lead to prices from the default price list being inserted in the transaction price list.,Активирали сте {0} и {1} в {2}. Това може да доведе до включването на цени от стандартния ценоразпис в ценоразписа на транзакцията.
You have enabled {0} and {1} in {2}. This can lead to prices from the default price list being inserted into the transaction price list.,Активирали сте {0} и {1} в {2}. Това може да доведе до включването на цени от стандартния ценоразпис в ценоразписа на транзакцията.
You have entered a duplicate Delivery Note on Row,Въвели сте дублиращ се товарителница в ред
You have hit the row size limit on database table: {0},Достигнахте ограничението за размера на реда в таблицата на базата данни: {0}
You have not entered a value. The field will be set to empty.,Не сте въвели стойност. Полето ще бъде оставено празно.
You have received a ❤️ like on your blog post,Получихте ❤️ харесване на публикацията във вашия блог
You have to enable Two Factor Auth from System Settings.,Трябва да активирате двуфакторната автентификация от системните настройки.
You have unseen notifications,Имате непрочетени известия
You haven't created a {0} yet,Все още не сте създали {0}
You hit the rate limit because of too many requests. Please try after sometime.,"Достигнахте лимита на заявките поради прекалено голям брой заявки. Моля, опитайте отново след известно време."
You last edited this,Последно си редактирал това
You must add atleast one link.,Трябва да добавите поне един линк.
You must be logged in to use this form.,"Трябва да сте влезли в системата, за да използвате този формуляр."
You need the '{0}' permission on {1} {2} to perform this action.,"За да извършите това действие, ви е необходимо правото „{0}“ за {1} {2}."
You need to be Workspace Manager to delete a public workspace.,"Трябва да имате права на администратор на работната среда, за да изтриете публична работна среда."
You need to be Workspace Manager to edit this document,"Трябва да имате права на мениджър на работната среда, за да редактирате този документ"
You need to cancel POS Closing Entry {} to be able to cancel this document.,"Трябва да анулирате заключителната операция на POS {}, за да можете да анулирате този документ."
You need to select indexes you want to add first.,"Първо трябва да изберете индексите, които искате да добавите."
You need to set one IMAP folder for {0},Трябва да зададете една IMAP папка за {0}
You need write permission on {0} {1} to merge,"За да извършите сливане, ви е необходимо право за запис в {0} {1}"
You need write permission on {0} {1} to rename,"За да преименувате {0} {1}, трябва да имате права за запис"
You need {0} permission to fetch values from {1} {2},"Необходимо е разрешение {0}, за да извлечете стойности от {1} {2}"
You removed 1 row from {0},Премахнахте 1 ред от {0}
You removed attachment {0},Премахнахте прикачения файл {0}
You removed {0} rows from {1},Премахнахте {0} реда от {1}
You seem to have written your name instead of your email. Please enter a valid email address so that we can get back.,"Изглежда сте въвели името си вместо имейл адреса си. Моля, въведете валиден имейл адрес, за да можем да се свържем с вас."
You submitted this document,Вие сте изпратили този документ
You submitted this document {0},Вие изпратихте този документ {0}
You viewed this,Вие сте разгледали това
You've been invited to join {0},Поканени сте да се присъедините към {0}
You've been invited to join {0}.,Поканени сте да се присъедините към {0}.
You've logged in as another user from another tab. Refresh this page to continue using system.,"Влязохте в системата като друг потребител от друг раздел. Опреснете тази страница, за да продължите да използвате системата."
Your CSV file is being generated and will appear in the Attachments section once ready. Additionally,"Вашият CSV файл се създава и ще се появи в раздела „Прикачени файлове“, веднага щом бъде готов. Освен това"
Your Name (required),Вашето име (задължително)
Your PDF is ready for download,Вашият PDF файл е готов за изтегляне
Your account has been deleted,Профилът Ви е изтрит
Your browser does not support the audio element.,Вашият браузър не поддържа аудио елемента.
Your browser does not support the video element.,Вашият браузър не поддържа елемента „video“.
Your email has been verified and your appointment has been scheduled,Вашият имейл адрес е потвърден и срещата Ви е насрочена
Your exported report: {0},Вашият експортиран отчет: {0}
Your form has been successfully updated,Формулярът Ви беше актуализиран успешно
Your invitation to join {0} has been cancelled by the site administrator.,Вашата покана за присъединяване към {0} беше отменена от администратора на сайта.
Your invitation to join {0} has expired.,Вашата покана за присъединяване към {0} е изтекла.
Your new password has been set successfully.,Новата ви парола беше зададена успешно.
Your old password is incorrect.,Старата ви парола е грешна.
Your report is being generated in the background. You will receive an email on {0} with a download link once it is ready.,"Докладът Ви се изготвя във фонов режим. Щом бъде готов, ще получите имейл на {0} с линк за изтегляне."
Your site is undergoing maintenance or being updated.,Вашият сайт е в процес на поддръжка или актуализация.
Your verification code is {0},Вашият код за потвърждение е {0}
Zero Balance,Нулев баланс
Zero Rated,Без данък
Zero quantity,Количество: 0
[Action taken by {0}],"[Действие, предприето от {0}]"
`Allow Negative rates for Items`,`Разреши отрицателни цени за артикулите`
`as_iterator` only works with `as_list=True` or `as_dict=True`,`as_iterator` работи само когато `as_list=True` или `as_dict=True`
`job_id` paramater is required for deduplication.,Параметърът `job_id` е задължителен за премахване на дублираните записи.
amend,да се коригира
as Code,като код
as Description,като описание
as Title,като заглавие
as a percentage of finished item quantity,като процент от количеството на готовите изделия
as of {0},към {0}
ascending,възходящ
at,че
by {},от {}
cProfile Output,Изход от cProfile
cancel,отмени
canceled,отменено
commented,коментира
create,създавам
cyan,цианово
d,г
dated {0},от {0}
default,по подразбиране
deferred,отложено
delete,изтрий
descending,по низходящ ред
description,описание
discount applied,приложена отстъпка
doc_type,doc_type
doctype,Определение на типа на документа
exchangerate.host,exchangerate.host
export,износ
failed,неуспешен
fieldname,име на поле
finished,завършен
frankfurter.dev,frankfurter.dev
gray,сив
grey,сив
gzip not found in PATH! This is required to take a backup.,gzip не е открит в PATH! Това е необходимо за създаване на резервно копие.
h,и
import,импорт
is already,вече е
jane@example.com,jane@example.com
label,етикет
light-blue,светлосиньо
login_required,задължително влизане
long,дълго
m,"Съжалявам, но не мога да ти помогна с това."
min read,време за четене
must be between 0 and 100,трябва да е между 0 и 100
nonce,обявление
notified,уведомен
or its descendants,или неговите потомци
out of 5,от 5
payments app is not installed. Please install it from {0} or {1},"Приложението за плащания не е инсталирано. Моля, инсталирайте го от {0} или {1}"
payments app is not installed. Please install it from {} or {},"Приложението за плащания не е инсталирано. Моля, инсталирайте го от {} или {}"
performing either one below:,изпълнете едно от двете действия по-долу:
pink,розово
plain,обикновен
print-format-builder-beta,print-format-builder-beta
processlist,списък с дела
product bundle item row's name in sales order. Also indicates that picked item is to be used for a product bundle,"Името на реда с артикула от продуктовия пакет в поръчката за продажба. Посочва също, че подбраният артикул трябва да се използва за продуктов пакет"
queued,в опашката
quotation_item,оферта за артикул
ratings,рейтинги
read,прочети
report,отчет
returned,върнат
s,с
s256,s256
scheduled,планиран
select,избери
short,кратък
sold,продаден
started,започна
starting the setup...,започва инсталирането...
string value,строкова стойност
string value,строкова стойност
string value,строкова стойност
submit,изпрати
subscription is already cancelled.,Абонаментът вече е прекратен.
target_ref_field,Поле за целева референция
temporary name,временно име
this form,този формуляр
this shouldn't break,това не би трябвало да се счупи
to unallocate the amount of this Return Invoice before cancelling it.,"да отпишете сумата по тази фактура за връщане, преди да я анулирате."
up to,до
variance,отклонение
version_table,версия_таблица
via Auto Repeat,чрез автоматично повторение
via BOM Update Tool,чрез BOM Update Tool
via Google Meet,чрез Google Meet
wants to access the following details from your account,иска да получи достъп до следните данни от профила ви
when clicked on element it will focus popover if present.,"При кликване върху елемента ще се активира изскачащият прозорец, ако има такъв."
will be,ще бъде
wkhtmltopdf,Конвертирайте уеб страницата в PDF
wkhtmltopdf 0.12.x (with patched qt).,wkhtmltopdf 0.12.x (с модифициран Qt).
write,напиши
{0},{0}
"{0} ${skip_list ? """" : type}","{0} ${skip_list ? """" : type}"
{0} ${type},{0} ${type}
{0} ({1}),{0} ({1})
{0} ({1}) - {2}%,{0} ({1}) - {2}%
{0} <b>{1}</b> has submitted Assets. Remove Item <b>{2}</b> from table to continue.,"{0} {1} е добавил ресурси. Премахнете елемента {2} от таблицата, за да продължите."
{0} = {1},{0} = {1}
{0} Account not found against Customer {1}.,{0} Не е открита сметка на клиент {1}.
{0} Account: {1} ({2}) must be in either customer billing currency: {3} or Company default currency: {4},{0} Сметка: {1} ({2}) трябва да бъде във валутата за фактуриране на клиента: {3} или във валутата по подразбиране на компанията: {4}
{0} Budget for Account {1} against {2} {3} is {4}. It {5} exceed by {6},{0} Бюджетът за сметка {1} спрямо {2} {3} е {4}. Той {5} надвишава с {6}
{0} Liked,{0} Харесвания
{0} Map,{0} Карта
{0} Not allowed to change {1} after submission from {2} to {3},{0} Не е позволено да се променя {1} след подаване от {2} на {3}
{0} Transaction(s) Reconciled,{0} Свързани транзакции
{0} Workspace,{0} Работно пространство
{0} account is not of type {1},Акаунтът {0} не е от тип {1}
{0} account not found while submitting purchase receipt,{0} Акаунтът не беше открит при изпращане на касовата бележка
{0} added 1 row to {1},{0} добави 1 ред към {1}
{0} added {1} rows to {2},{0} добави {1} реда към {2}
{0} appreciation point for {1},{0} точки за {1}
{0} appreciation points for {1},{0} точки за {1}
{0} attached {1},{0} прикачен {1}
{0} can not be more than {1},{0} не може да бъде по-голямо от {1}
{0} cancelled this document,{0} отмени този документ
{0} cancelled this document {1},{0} отмени този документ {1}
{0} cannot be amended because it is not cancelled. Please cancel the document before creating an amendment.,"{0} не може да бъде изменен, тъй като не е анулиран. Моля, анулирайте документа, преди да създадете изменение."
{0} cannot be hidden and mandatory without any default value,"{0} не може да бъде скрит и е задължителен, без да има стойност по подразбиране"
{0} cannot be used as a Main Cost Center because it has been used as child in Cost Center Allocation {1},"{0} не може да се използва като основен разходен център, тъй като е бил използван като подчинен елемент в разпределението на разходните центрове {1}"
{0} cannot be zero,{0} не може да бъде равно на нула
{0} changed the value of {1},{0} промени стойността на {1}
{0} changed the value of {1} {2},{0} промени стойността на {1} {2}
{0} changed the values for {1},{0} промени стойностите за {1}
{0} changed the values for {1} {2},{0} промени стойностите за {1} {2}
{0} changed {1} to {2},{0} промени {1} на {2}
{0} contains an invalid Fetch From expression,{0} съдържа невалидно изражение „Fetch From“
{0} created this,{0} създаде това
{0} created this document {1},{0} е създал този документ {1}
{0} creation for the following records will be skipped.,Създаването на {0} за следните записи ще бъде пропуснато.
{0} criticism point for {1},{0} критика към {1}
{0} criticism points for {1},{0} точки за критика за {1}
{0} currency must be same as company's default currency. Please select another account.,"{0} валутата трябва да съвпада с валутата по подразбиране на фирмата. Моля, изберете друга сметка."
{0} does not belong to the Company {1}.,{0} не принадлежи на компанията {1}.
{0} entered twice {1} in Item Taxes,{0} е въведено два пъти {1} в „Данъци върху артикулите“
{0} format could not be determined from the values in this column. Defaulting to {1}.,Форматът {0} не може да бъде определен въз основа на стойностите в тази колона. Използва се стойността по подразбиране {1}.
{0} from {1} to {2},{0} от {1} до {2}
{0} from {1} to {2} in row #{3},{0} от {1} до {2} в ред № {3}
{0} gained {1} points,{0} спечели {1} точки
{0} gave {1} points,{0} даде {1} точки
{0} has Payment Term based allocation enabled. Select a Payment Term for Row #{1} in Payment References section,За {0} е активирано разпределението по плащателни срокове. Изберете плащателен срок за ред № {1} в раздела „Референции за плащания“
{0} has been modified after you pulled it. Please pull it again.,"{0} е бил променен, след като сте го изтеглили. Моля, изтеглете го отново."
{0} if you are not redirected within {1} seconds,{0} ако не бъдете пренасочени в рамките на {1} секунди
{0} is a mandatory Accounting Dimension. <br>Please set a value for {0} in Accounting Dimensions section.,"{0} е задължително счетоводно измерение.  Моля, задайте стойност за {0} в раздела „Счетоводни измерения“."
{0} is a mandatory field.,{0} е задължително поле.
{0} is a not a valid zip file,{0} не е валиден ZIP файл
{0} is added multiple times on rows: {1},{0} се добавя няколко пъти в редовете: {1}
{0} is already running for {1},{0} вече работи за {1}
{0} is between {1} and {2},{0} е между {1} и {2}
{0} is equal to {1},{0} е равно на {1}
{0} is greater than or equal to {1},{0} е по-голямо или равно на {1}
{0} is greater than {1},{0} е по-голямо от {1}
{0} is less than or equal to {1},{0} е по-малко или равно на {1}
{0} is less than {1},{0} е по-малко от {1}
{0} is like {1},{0} е като {1}
{0} is mandatory for account {1},{0} е задължително за профил {1}
{0} is not a CSV file.,{0} не е CSV файл.
{0} is not a field of doctype {1},{0} не е поле от типа {1}
{0} is not a valid Calendar. Redirecting to default Calendar.,{0} не е валиден календар. Пренасочване към календара по подразбиране.
{0} is not a valid Cron expression.,{0} не е валиден Cron израз.
{0} is not a valid parent DocType for {1},{0} не е валиден родителски DocType за {1}
{0} is not a valid parentfield for {1},{0} не е валидно родителско поле за {1}
{0} is not a zip file,{0} не е ZIP файл
{0} is not an allowed role for {1},{0} не е допустима роля за {1}
{0} is not equal to {1},{0} не е равно на {1}
{0} is not like {1},{0} не е като {1}
{0} is not one of {1},{0} не е част от {1}
{0} is not running. Cannot trigger events for this Document,{0} не работи. Не е възможно да се задействат събития за този документ
{0} is not set,{0} не е зададен
{0} is one of {1},{0} е едно от {1}
{0} is set,{0} е зададено
{0} is still in Draft. Please submit it before saving the Asset Repair.,"{0} все още е в чернова. Моля, изпратете го, преди да запазите поправката на ресурса."
{0} is still in Draft. Please submit it before saving the Asset.,"{0} все още е в чернова. Моля, изпратете го, преди да запазите ресурса."
{0} is within {1},{0} се намира в {1}
{0} items disassembled,{0} разглобени артикула
{0} items lost during process.,{0} артикула са изгубени по време на процеса.
{0} items returned,{0} намерени резултата
{0} items to return,{0} резултата
{0} just impersonated as you. They gave this reason: {1},{0} току-що се представи за вас. Те посочиха следната причина: {1}
{0} last edited this,{0} последно редактирано от
{0} must be beginning with '{1}',{0} трябва да започва с '{1}'
{0} must be equal to '{1}',{0} трябва да е равно на '{1}'
{0} must be none of {1},{0} не трябва да е никое от {1}
{0} must be {1} {2},{0} трябва да бъде {1} {2}
{0} must begin and end with a letter and can only contain letters,{0} трябва да започва и да завършва с буква и може да съдържа само букви
{0} of {1} sent,{0} от {1} изпратени
{0} qty of Item {1} is being received into Warehouse {2} with capacity {3}.,{0} бройки от артикул {1} се приемат в склад {2} с капацитет {3}.
{0} records are not automatically deleted.,Записите {0} не се изтриват автоматично.
{0} records are retained for {1} days.,Записите се съхраняват в продължение на {1} дни.
{0} removed 1 row from {1},{0} изтри 1 ред от {1}
{0} removed attachment {1},{0} премахна прикачения файл {1}
{0} removed their assignment.,{0} отмени задачата си.
{0} removed {1} rows from {2},{0} изтри {1} реда от {2}
{0} role does not have permission on any doctype,{0} няма права за достъп до нито един тип документ
{0} row #{1}:,{0} ред #{1}:
{0} rows from {1},{0} реда от {1}
{0} rows to {1},{0} реда до {1}
{0} should be indexed because it's referred in dashboard connections,"{0} трябва да бъде индексирано, тъй като се споменава във връзките на таблото"
{0} submitted this document,{0} е подал този документ
{0} submitted this document {1},{0} е подал този документ {1}
{0} units are reserved for Item {1} in Warehouse {2},За артикул {1} в склад {2} са запазени {0} бройки
{0} units of Item {1} is not available in any of the warehouses.,{0} бройки от артикул {1} не са налични в нито един от складовете.
{0} units of Item {1} is not available in any of the warehouses. Other Pick Lists exist for this item.,{0} бройки от артикул {1} не са налични в нито един от складовете. За този артикул има други листи за окомплектоване.
{0} units of {1} are required in {2} with the inventory dimension: {3} on {4} {5} for {6} to complete the transaction.,"Необходими са {0} бройки от {1} в {2} с размери на стоката: {3} на {4} {5}, за да може {6} да завърши транзакцията."
{0} units of {1} needed in {2} on {3} {4} to complete this transaction.,"Необходими са {0} бройки от {1} в {2} на {3} {4}, за да бъде завършена тази транзакция."
{0} until {1},{0} до {1}
{0} viewed this,{0} са го видели
{0} will be given as discount.,{0} ще бъде предоставена като отстъпка.
{0} will be set as the {1} in subsequently scanned items,{0} ще бъде зададено като {1} в следващите сканирани елементи
{0} with the role <strong>{1}</strong>,{0} с ролята {1}
{0} {1},{0} {1}
{0} {1} Manually,{0} {1} Ръчно
{0} {1} Partially Reconciled,{0} {1} Частично съгласувано
{0} {1} cannot be updated. If you need to make changes,{0} {1} не може да бъде актуализирано. Ако трябва да направите промени
{0} {1} has already been fully paid.,{0} {1} вече е изплатена изцяло.
{0} {1} has already been partly paid. Please use the 'Get Outstanding Invoice' or the 'Get Outstanding Orders' button to get the latest outstanding amounts.,"{0} {1} вече е частично платена. Моля, използвайте бутона „Виж неплатени фактури“ или „Виж неплатени поръчки“, за да видите актуалните неплатени суми."
{0} {1} is allocated twice in this Bank Transaction,{0} {1} е заделено два пъти в тази банкова транзакция
{0} {1} is already linked to Common Code {2}.,{0} {1} вече е свързан с общия код {2}.
{0} {1} is not in any active Fiscal Year,{0} {1} не се отнася за нито една текуща финансова година
{0} {1} is on hold,{0} {1} е в режим на изчакване
{0} {1} not allowed to be reposted. Modify {2} to enable reposting.,"{0} {1} не може да бъде препубликувано. Променете {2}, за да разрешите препубликуването."
{0} {1} via CSV File,{0} {1} чрез CSV файл
{0} {1}: Account {2} is a Group Account and group accounts cannot be used in transactions,"{0} {1}: Акаунт {2} е групов акаунт, а груповите акаунти не могат да се използват при транзакции"
{0} {1}: Cost Center is required for 'Profit and Loss' account {2}.,{0} {1}: За сметката „Приходи и разходи“ {2} е задължително да се посочи разходен център.
{0} {1}: Cost Center {2} is a group cost center and group cost centers cannot be used in transactions,"{0} {1}: Разходният център {2} е групов разходен център, а груповите разходни центрове не могат да се използват в транзакции"
{0}%,{0}%
{0}% of total invoice value will be given as discount.,{0}% от общата стойност на фактурата ще бъде отстъпка.
{0}'s {1} cannot be after {2}'s Expected End Date.,{0}'s {1} не може да бъде след очакваната дата на приключване на {2}.
{0}/{1} complete | Please leave this tab open until completion.,"{0}/{1} завършено | Моля, оставете този прозорец отворен до приключване на процеса."
{0}: You can increase the limit for the field if required via {1},{0}: При необходимост можете да увеличите ограничението за полето чрез {1}
{0}: fieldname cannot be set to reserved keyword {1},{0}: името на полето не може да бъде зададено като запазена ключова дума {1}
{0}: {1},{0}: {1}
{0}: {1} does not belong to the Company: {2},{0}: {1} не е служител на компанията: {2}
{0}: {1} does not exist,{0}: {1} не съществува
{0}: {1} is a group account.,{0}: {1} е групов акаунт.
{count} cell copied,{count} клетка е копирана
{count} cells copied,{count} клетки са копирани
{count} row selected,Избран е {count} ред
{count} rows selected,Избрани са {count} реда
{item_name}'s Sample Size ({sample_size}) cannot be greater than the Accepted Quantity ({accepted_quantity}),Размерът на пробата на {item_name} ({sample_size}) не може да надвишава допустимото количество ({accepted_quantity})
{},{}
{} Invalid python code on line {},{} Невалиден код на Python в ред {}
{} Possibly invalid python code. <br>{},{} Вероятно невалиден код на Python.  {}
{} does not support automated log clearing.,{} не поддържа автоматично изчистване на логовете.
{} field cannot be empty.,Полето {} не може да бъде празно.
{} has been disabled. It can only be enabled if {} is checked.,{} е деактивирано. Може да бъде активирано само ако {} е отбелязано.
{} is a child company.,{} е дъщерно дружество.
{} not found in PATH! This is required to access the console.,{} не е открит в PATH! Това е необходимо за достъп до конзолата.
{} not found in PATH! This is required to restore the database.,{} не е открит в PATH! Това е необходимо за възстановяване на базата данни.
{} not found in PATH! This is required to take a backup.,{} не е открит в PATH! Това е необходимо за създаване на резервно копие.
{} {} is already linked with another {},{} {} вече е свързан с друг {}
{} {} is already linked with {} {},{} {} вече е свързан с {} {}
{} {} is not affecting bank account {},{} {} не засяга банковата сметка {}
